Timestamp;s;distance;thetab
2000;1.844980E-001;1.996457E-001;1.279980E-003
15000;1.844980E-001;1.996457E-001;1.302063E-003
26000;1.844980E-001;1.996457E-001;1.294494E-003
38000;1.844980E-001;1.996457E-001;1.288205E-003
50000;1.844980E-001;1.996457E-001;1.270086E-003
62000;1.844980E-001;1.996457E-001;1.261413E-003
75000;1.844980E-001;1.996457E-001;1.267135E-003
87000;1.844980E-001;1.996457E-001;1.217216E-003
99000;1.844811E-001;1.996457E-001;1.236409E-003
112000;1.844811E-001;1.996457E-001;1.244783E-003
124000;1.844811E-001;1.996457E-001;1.233190E-003
136000;1.844811E-001;1.996457E-001;1.250237E-003
149000;1.844811E-001;1.996457E-001;1.230747E-003
161000;1.844811E-001;1.996457E-001;1.234323E-003
174000;1.844811E-001;1.996457E-001;1.179665E-003
187000;1.844811E-001;1.996457E-001;1.153052E-003
200000;1.844811E-001;1.996457E-001;1.161695E-003
213000;1.844811E-001;1.996457E-001;1.167268E-003
225000;1.844643E-001;1.996457E-001;1.161158E-003
237000;1.844811E-001;1.996457E-001;1.131356E-003
250000;1.844811E-001;1.996457E-001;1.145989E-003
262000;1.844811E-001;1.996457E-001;1.149416E-003
274000;1.844811E-001;1.996457E-001;1.116544E-003
286000;1.844811E-001;1.996457E-001;1.098871E-003
299000;1.844811E-001;1.996457E-001;1.068592E-003
310000;1.844811E-001;1.996457E-001;1.045406E-003
322000;1.844643E-001;1.996457E-001;1.035273E-003
333000;1.844643E-001;1.996457E-001;1.024514E-003
346000;1.844643E-001;1.996457E-001;9.954870E-004
359000;1.844643E-001;1.996457E-001;1.011729E-003
372000;1.844474E-001;1.996457E-001;1.000196E-003
385000;1.844305E-001;1.996457E-001;9.960234E-004
397000;1.844474E-001;1.996457E-001;9.901524E-004
409000;1.844305E-001;1.996457E-001;9.568036E-004
422000;1.844474E-001;1.996457E-001;9.361207E-004
434000;1.844474E-001;1.996457E-001;9.435117E-004
446000;1.844474E-001;1.996457E-001;9.529293E-004
459000;1.844305E-001;1.996457E-001;9.465516E-004
472000;1.844136E-001;1.996457E-001;9.275973E-004
484000;1.844136E-001;1.996457E-001;9.378791E-004
497000;1.844305E-001;1.996457E-001;9.506345E-004
508000;1.844305E-001;1.996457E-001;9.217858E-004
520000;1.844305E-001;1.996457E-001;8.712411E-004
534000;1.844136E-001;1.996457E-001;8.170307E-004
546000;1.843968E-001;1.996457E-001;7.831454E-004
559000;1.843968E-001;1.996457E-001;8.084178E-004
572000;1.843968E-001;1.996457E-001;7.701218E-004
585000;1.843799E-001;1.996457E-001;7.735193E-004
597000;1.843799E-001;1.996457E-001;8.096397E-004
609000;1.843799E-001;1.996457E-001;8.302331E-004
622000;1.843799E-001;1.996457E-001;8.140802E-004
635000;1.843799E-001;1.996457E-001;7.887483E-004
647000;1.843799E-001;1.996457E-001;8.010864E-004
660000;1.843799E-001;1.996457E-001;7.952154E-004
671000;1.843630E-001;1.996457E-001;7.898808E-004
683000;1.843630E-001;1.996457E-001;7.756650E-004
696000;1.843630E-001;1.996457E-001;7.198751E-004
709000;1.843630E-001;1.996457E-001;6.888509E-004
722000;1.843630E-001;1.996457E-001;6.475449E-004
734000;1.843630E-001;1.996457E-001;6.394684E-004
747000;1.843461E-001;1.996457E-001;6.162226E-004
760000;1.843461E-001;1.996457E-001;5.710721E-004
772000;1.843461E-001;1.996457E-001;4.965663E-004
784000;1.843461E-001;1.996457E-001;4.734099E-004
797000;1.843293E-001;1.996457E-001;4.890561E-004
810000;1.843293E-001;1.996457E-001;4.780591E-004
822000;1.843293E-001;1.996457E-001;4.534721E-004
834000;1.843293E-001;1.996457E-001;4.413128E-004
846000;1.843124E-001;1.996457E-001;4.203618E-004
859000;1.843293E-001;1.996457E-001;4.050732E-004
872000;1.842955E-001;1.996457E-001;3.719032E-004
884000;1.842955E-001;1.996457E-001;3.539026E-004
897000;1.842955E-001;1.996457E-001;3.529787E-004
909000;1.842955E-001;1.996457E-001;3.590286E-004
921000;1.842955E-001;1.996457E-001;3.185868E-004
933000;1.842786E-001;1.996457E-001;2.765357E-004
945000;1.842618E-001;1.996457E-001;2.519190E-004
957000;1.842618E-001;1.996457E-001;2.320707E-004
968000;1.842618E-001;1.996457E-001;2.511740E-004
980000;1.842618E-001;1.996457E-001;2.226233E-004
992000;1.842618E-001;1.996457E-001;1.958609E-004
1005000;1.842449E-001;1.996457E-001;1.687109E-004
1016000;1.842280E-001;1.996457E-001;1.473725E-004
1028000;1.842280E-001;1.996457E-001;1.295507E-004
1039000;1.842111E-001;1.996457E-001;1.093745E-004
1051000;1.842111E-001;1.996457E-001;1.035631E-004
1064000;1.841943E-001;1.996457E-001;5.877018E-005
1076000;1.841774E-001;1.996457E-001;2.670288E-005
1089000;1.841605E-001;1.996457E-001;1.022220E-005
1100000;1.841605E-001;1.996457E-001;2.035499E-005
1112000;1.841605E-001;1.996457E-001;1.776218E-005
1124000;1.841436E-001;1.996457E-001;-9.506941E-006
1135000;1.841436E-001;1.996457E-001;-6.315112E-005
1148000;1.841268E-001;1.996457E-001;-4.595518E-005
1160000;1.841268E-001;1.996457E-001;-3.868341E-005
1173000;1.840761E-001;1.996457E-001;-6.029010E-005
1185000;1.840761E-001;1.996457E-001;-4.288554E-005
1198000;1.840593E-001;1.996457E-001;7.688999E-006
1211000;1.840424E-001;1.996457E-001;4.240870E-005
1223000;1.840424E-001;1.996457E-001;4.699826E-005
1235000;1.840255E-001;1.996457E-001;4.652143E-005
1247000;1.840087E-001;1.996457E-001;6.085634E-005
1259000;1.839918E-001;1.996457E-001;9.003282E-005
1272000;1.839918E-001;1.996457E-001;1.347363E-004
1284000;1.839749E-001;1.996457E-001;1.460314E-004
1296000;1.839580E-001;1.996457E-001;1.815856E-004
1308000;1.839580E-001;1.996457E-001;2.099872E-004
1321000;1.839580E-001;1.996457E-001;2.387464E-004
1334000;1.839412E-001;1.996457E-001;2.436936E-004
1346000;1.839243E-001;1.996457E-001;2.638400E-004
1359000;1.839074E-001;1.996457E-001;2.821386E-004
1371000;1.838905E-001;1.996457E-001;2.847612E-004
1383000;1.838737E-001;1.996457E-001;3.179610E-004
1396000;1.838905E-001;1.996457E-001;3.509820E-004
1408000;1.838737E-001;1.996457E-001;3.831685E-004
1420000;1.838737E-001;1.996457E-001;3.676414E-004
1432000;1.838737E-001;1.996457E-001;3.282726E-004
1444000;1.838399E-001;1.996457E-001;3.451109E-004
1457000;1.838399E-001;1.996457E-001;4.020929E-004
1470000;1.838399E-001;1.996457E-001;4.436076E-004
1482000;1.838230E-001;1.996457E-001;4.660487E-004
1494000;1.838230E-001;1.996457E-001;5.424023E-004
1507000;1.838062E-001;1.996457E-001;5.768538E-004
1519000;1.838062E-001;1.996457E-001;5.966127E-004
1532000;1.838230E-001;1.996457E-001;6.225705E-004
1544000;1.838062E-001;1.996457E-001;6.137490E-004
1556000;1.837893E-001;1.996457E-001;6.312132E-004
1568000;1.837893E-001;1.996457E-001;6.783605E-004
1580000;1.837893E-001;1.996457E-001;6.700158E-004
1592000;1.837893E-001;1.996457E-001;6.917119E-004
1604000;1.837724E-001;1.996457E-001;7.435083E-004
1616000;1.837724E-001;1.996457E-001;7.508099E-004
1628000;1.837555E-001;1.996457E-001;7.925928E-004
1640000;1.837724E-001;1.996457E-001;8.336008E-004
1653000;1.837724E-001;1.996457E-001;8.730888E-004
1665000;1.837555E-001;1.996457E-001;8.854270E-004
1677000;1.837555E-001;1.996457E-001;8.961856E-004
1690000;1.837724E-001;1.996457E-001;9.635091E-004
1702000;1.837555E-001;1.996457E-001;1.011878E-003
1714000;1.837555E-001;1.996457E-001;1.061201E-003
1726000;1.837555E-001;1.996457E-001;1.077622E-003
1739000;1.837555E-001;1.996457E-001;1.097351E-003
1751000;1.837555E-001;1.996457E-001;1.142383E-003
1765000;1.837555E-001;1.996457E-001;1.170576E-003
1777000;1.837555E-001;1.996457E-001;1.212180E-003
1789000;1.837555E-001;1.996457E-001;1.245558E-003
1801000;1.837555E-001;1.996457E-001;1.253128E-003
1814000;1.837555E-001;1.996457E-001;1.275450E-003
1826000;1.837555E-001;1.996457E-001;1.279712E-003
1839000;1.837387E-001;1.996457E-001;1.277834E-003
1852000;1.837555E-001;1.996457E-001;1.262158E-003
1864000;1.837555E-001;1.996457E-001;1.259506E-003
1877000;1.837555E-001;1.996457E-001;1.253873E-003
1889000;1.837387E-001;1.996457E-001;1.279235E-003
1901000;1.837387E-001;1.996457E-001;1.271576E-003
1915000;1.837555E-001;1.996457E-001;1.282543E-003
1927000;1.837555E-001;1.996457E-001;1.280278E-003
1939000;1.837555E-001;1.996457E-001;1.288205E-003
1951000;1.837555E-001;1.996457E-001;1.256585E-003
1963000;1.837387E-001;1.996457E-001;1.258761E-003
1976000;1.837387E-001;1.996457E-001;1.227260E-003
1988000;1.837387E-001;1.996457E-001;1.235157E-003
2000000;1.837387E-001;1.996457E-001;1.218498E-003
2012000;1.837387E-001;1.996457E-001;1.181692E-003
2025000;1.837387E-001;1.996457E-001;1.175433E-003
2037000;1.837387E-001;1.996457E-001;1.173228E-003
2049000;1.837387E-001;1.996457E-001;1.162618E-003
2061000;1.837218E-001;1.996457E-001;1.158535E-003
2073000;1.837218E-001;1.996457E-001;1.181751E-003
2088000;1.837218E-001;1.996457E-001;1.135021E-003
2100000;1.837218E-001;1.996457E-001;1.085371E-003
2112000;1.837049E-001;1.996457E-001;1.044124E-003
2124000;1.837049E-001;1.996457E-001;1.050740E-003
2136000;1.837049E-001;1.996457E-001;1.058489E-003
2149000;1.837049E-001;1.996457E-001;1.053929E-003
2161000;1.836880E-001;1.996457E-001;1.069546E-003
2173000;1.836880E-001;1.996457E-001;1.073867E-003
2185000;1.836712E-001;1.996457E-001;1.053393E-003
2197000;1.836712E-001;1.996457E-001;1.004279E-003
2210000;1.836712E-001;1.996457E-001;9.364188E-004
2222000;1.836543E-001;1.996457E-001;9.444356E-004
2235000;1.836543E-001;1.996457E-001;9.566545E-004
2247000;1.836712E-001;1.996457E-001;9.719133E-004
2259000;1.836543E-001;1.996457E-001;9.757280E-004
2272000;1.836543E-001;1.996457E-001;9.686351E-004
2284000;1.836374E-001;1.996457E-001;9.510517E-004
2297000;1.836374E-001;1.996457E-001;9.332001E-004
2310000;1.836374E-001;1.996457E-001;9.103715E-004
2322000;1.836374E-001;1.996457E-001;8.941889E-004
2335000;1.836374E-001;1.996457E-001;8.407235E-004
2347000;1.836206E-001;1.996457E-001;8.395612E-004
2359000;1.836206E-001;1.996457E-001;8.474588E-004
2371000;1.836037E-001;1.996457E-001;8.471608E-004
2384000;1.836037E-001;1.996457E-001;8.345842E-004
2396000;1.835868E-001;1.996457E-001;8.547604E-004
2408000;1.835868E-001;1.996457E-001;8.743107E-004
2420000;1.835868E-001;1.996457E-001;8.665919E-004
2432000;1.835868E-001;1.996457E-001;8.511841E-004
2445000;1.835868E-001;1.996457E-001;8.134246E-004
2456000;1.836037E-001;1.996457E-001;8.025765E-004
2469000;1.835868E-001;1.996457E-001;7.659197E-004
2481000;1.835699E-001;1.996457E-001;7.236600E-004
2493000;1.835699E-001;1.996457E-001;6.885529E-004
2506000;1.835531E-001;1.996457E-001;6.860197E-004
2518000;1.835531E-001;1.996457E-001;6.442666E-004
2530000;1.835531E-001;1.996457E-001;5.983114E-004
2542000;1.835531E-001;1.996457E-001;5.550683E-004
2555000;1.835362E-001;1.996457E-001;5.109012E-004
2568000;1.835193E-001;1.996457E-001;4.898310E-004
2580000;1.835193E-001;1.996457E-001;4.562438E-004
2591000;1.835193E-001;1.996457E-001;4.130900E-004
2604000;1.835193E-001;1.996457E-001;3.871620E-004
2616000;1.835024E-001;1.996457E-001;3.656745E-004
2628000;1.834856E-001;1.996457E-001;3.435910E-004
2639000;1.834687E-001;1.996457E-001;3.093779E-004
2652000;1.834687E-001;1.996457E-001;2.965331E-004
2664000;1.834687E-001;1.996457E-001;2.836585E-004
2676000;1.834687E-001;1.996457E-001;2.707839E-004
2688000;1.834518E-001;1.996457E-001;2.606809E-004
2700000;1.834518E-001;1.996457E-001;2.647936E-004
2713000;1.834518E-001;1.996457E-001;2.553463E-004
2725000;1.834349E-001;1.996457E-001;2.891421E-004
2737000;1.834349E-001;1.996457E-001;2.861917E-004
2749000;1.834349E-001;1.996457E-001;2.402961E-004
2761000;1.834349E-001;1.996457E-001;2.093911E-004
2773000;1.834181E-001;1.996457E-001;1.828969E-004
2785000;1.834181E-001;1.996457E-001;1.534224E-004
2797000;1.834012E-001;1.996457E-001;1.311004E-004
2810000;1.834012E-001;1.996457E-001;9.101629E-005
2822000;1.833674E-001;1.996457E-001;6.940961E-005
2835000;1.833506E-001;1.996457E-001;7.411838E-005
2847000;1.833506E-001;1.996457E-001;7.697940E-005
2859000;1.833506E-001;1.996457E-001;3.978610E-005
2872000;1.833506E-001;1.996457E-001;6.487966E-005
2884000;1.833337E-001;1.996457E-001;8.025765E-005
2897000;1.832999E-001;1.996457E-001;7.390976E-005
2908000;1.832999E-001;1.996457E-001;7.981062E-005
2920000;1.832831E-001;1.996457E-001;1.048446E-004
2933000;1.832831E-001;1.996457E-001;1.270473E-004
2946000;1.832662E-001;1.996457E-001;1.141131E-004
2958000;1.832493E-001;1.996457E-001;1.486838E-004
2969000;1.832493E-001;1.996457E-001;1.425445E-004
2981000;1.832325E-001;1.996457E-001;1.420975E-004
2993000;1.832325E-001;1.996457E-001;1.402199E-004
3006000;1.832156E-001;1.996457E-001;1.207888E-004
3018000;1.832156E-001;1.996457E-001;1.651645E-004
3030000;1.831987E-001;1.996457E-001;1.723170E-004
3041000;1.831987E-001;1.996457E-001;1.770258E-004
3053000;1.831818E-001;1.996457E-001;1.954138E-004
3066000;1.831650E-001;1.996457E-001;1.941919E-004
3079000;1.831650E-001;1.996457E-001;1.855195E-004
3091000;1.831481E-001;1.996457E-001;1.758039E-004
3104000;1.831481E-001;1.996457E-001;1.726449E-004
3116000;1.831312E-001;1.996457E-001;2.125204E-004
3129000;1.831312E-001;1.996457E-001;2.160668E-004
3141000;1.831312E-001;1.996457E-001;1.734495E-004
3153000;1.831143E-001;1.996457E-001;2.235770E-004
3165000;1.830975E-001;1.996457E-001;2.337694E-004
3178000;1.830806E-001;1.996457E-001;2.176762E-004
3191000;1.830637E-001;1.996457E-001;2.173483E-004
3203000;1.830637E-001;1.996457E-001;2.025366E-004
3215000;1.830468E-001;1.996457E-001;1.973808E-004
3228000;1.830300E-001;1.996457E-001;2.333820E-004
3241000;1.830300E-001;1.996457E-001;2.270341E-004
3253000;1.830131E-001;1.996457E-001;2.224743E-004
3264000;1.830131E-001;1.996457E-001;2.422333E-004
3276000;1.829962E-001;1.996457E-001;2.925098E-004
3288000;1.829962E-001;1.996457E-001;3.038645E-004
3301000;1.829625E-001;1.996457E-001;2.593398E-004
3312000;1.829625E-001;1.996457E-001;2.647340E-004
3323000;1.829456E-001;1.996457E-001;3.062189E-004
3334000;1.829456E-001;1.996457E-001;3.660023E-004
3347000;1.829456E-001;1.996457E-001;3.964901E-004
3359000;1.829456E-001;1.996457E-001;4.265010E-004
3372000;1.829456E-001;1.996457E-001;4.476011E-004
3384000;1.829456E-001;1.996457E-001;4.456937E-004
3397000;1.829456E-001;1.996457E-001;4.637837E-004
3408000;1.829287E-001;1.996457E-001;5.068779E-004
3421000;1.829119E-001;1.996457E-001;5.146563E-004
3433000;1.829119E-001;1.996457E-001;5.163848E-004
3445000;1.829119E-001;1.996457E-001;5.092919E-004
3457000;1.829119E-001;1.996457E-001;5.280077E-004
3470000;1.829119E-001;1.996457E-001;5.230606E-004
3483000;1.829119E-001;1.996457E-001;5.436540E-004
3495000;1.829119E-001;1.996457E-001;5.822480E-004
3507000;1.828950E-001;1.996457E-001;6.087124E-004
3520000;1.828950E-001;1.996457E-001;6.144941E-004
3532000;1.828950E-001;1.996457E-001;6.586313E-004
3545000;1.828950E-001;1.996457E-001;6.718636E-004
3556000;1.828781E-001;1.996457E-001;6.575584E-004
3569000;1.828781E-001;1.996457E-001;6.707609E-004
3580000;1.828781E-001;1.996457E-001;6.643236E-004
3592000;1.828781E-001;1.996457E-001;6.637871E-004
3604000;1.828781E-001;1.996457E-001;6.802678E-004
3616000;1.828781E-001;1.996457E-001;6.701648E-004
3628000;1.828781E-001;1.996457E-001;6.771386E-004
3639000;1.828612E-001;1.996457E-001;7.156730E-004
3651000;1.828781E-001;1.996457E-001;7.300973E-004
3663000;1.828781E-001;1.996457E-001;7.403493E-004
3675000;1.828781E-001;1.996457E-001;7.701218E-004
3687000;1.828781E-001;1.996457E-001;7.973015E-004
3700000;1.828781E-001;1.996457E-001;8.175671E-004
3712000;1.828781E-001;1.996457E-001;8.259714E-004
3724000;1.828781E-001;1.996457E-001;8.337200E-004
3737000;1.828781E-001;1.996457E-001;8.451641E-004
3749000;1.828781E-001;1.996457E-001;8.225739E-004
3761000;1.828612E-001;1.996457E-001;8.187592E-004
3773000;1.828781E-001;1.996457E-001;8.322895E-004
3785000;1.828612E-001;1.996457E-001;8.538961E-004
3797000;1.828612E-001;1.996457E-001;8.168519E-004
3809000;1.828612E-001;1.996457E-001;8.014143E-004
3822000;1.828612E-001;1.996457E-001;8.346140E-004
3835000;1.828612E-001;1.996457E-001;8.440912E-004
3848000;1.828612E-001;1.996457E-001;8.370280E-004
3861000;1.828444E-001;1.996457E-001;8.256137E-004
3874000;1.828444E-001;1.996457E-001;7.738471E-004
3886000;1.828612E-001;1.996457E-001;7.661879E-004
3898000;1.828444E-001;1.996457E-001;7.624924E-004
3910000;1.828444E-001;1.996457E-001;7.691085E-004
3922000;1.828444E-001;1.996457E-001;7.503927E-004
3934000;1.828444E-001;1.996457E-001;7.697344E-004
3948000;1.828444E-001;1.996457E-001;7.670820E-004
3961000;1.828444E-001;1.996457E-001;7.389188E-004
3974000;1.828444E-001;1.996457E-001;7.286966E-004
3987000;1.828444E-001;1.996457E-001;7.191896E-004
3999000;1.828444E-001;1.996457E-001;7.317364E-004
4012000;1.828444E-001;1.996457E-001;7.215738E-004
4024000;1.828275E-001;1.996457E-001;7.346869E-004
4035000;1.828444E-001;1.996457E-001;7.310212E-004
4047000;1.828275E-001;1.996457E-001;7.350147E-004
4059000;1.828275E-001;1.996457E-001;7.053018E-004
4071000;1.828275E-001;1.996457E-001;7.081926E-004
4084000;1.828275E-001;1.996457E-001;7.438362E-004
4096000;1.828275E-001;1.996457E-001;7.754862E-004
4109000;1.828275E-001;1.996457E-001;7.327199E-004
4122000;1.828106E-001;1.996457E-001;7.184446E-004
4134000;1.828106E-001;1.996457E-001;6.881356E-004
4146000;1.828106E-001;1.996457E-001;6.494820E-004
4159000;1.827937E-001;1.996457E-001;6.573796E-004
4172000;1.827937E-001;1.996457E-001;6.617010E-004
4184000;1.827769E-001;1.996457E-001;6.762743E-004
4197000;1.827937E-001;1.996457E-001;6.596744E-004
4210000;1.827600E-001;1.996457E-001;6.204844E-004
4222000;1.827600E-001;1.996457E-001;6.036758E-004
4235000;1.827600E-001;1.996457E-001;6.121099E-004
4247000;1.827431E-001;1.996457E-001;6.014109E-004
4259000;1.827431E-001;1.996457E-001;5.991757E-004
4271000;1.827431E-001;1.996457E-001;5.899668E-004
4284000;1.827431E-001;1.996457E-001;5.491674E-004
4295000;1.827431E-001;1.996457E-001;5.260706E-004
4308000;1.827262E-001;1.996457E-001;5.220771E-004
4322000;1.827262E-001;1.996457E-001;5.090833E-004
4334000;1.827262E-001;1.996457E-001;4.689693E-004
4346000;1.827094E-001;1.996457E-001;4.697740E-004
4359000;1.826925E-001;1.996457E-001;4.304945E-004
4372000;1.826925E-001;1.996457E-001;4.452467E-004
4384000;1.826756E-001;1.996457E-001;4.407465E-004
4397000;1.826756E-001;1.996457E-001;4.242063E-004
4410000;1.826756E-001;1.996457E-001;4.145801E-004
4422000;1.826756E-001;1.996457E-001;3.730953E-004
4434000;1.826587E-001;1.996457E-001;3.827214E-004
4446000;1.826587E-001;1.996457E-001;4.178286E-004
4458000;1.826587E-001;1.996457E-001;4.244447E-004
4470000;1.826419E-001;1.996457E-001;4.207492E-004
4482000;1.826419E-001;1.996457E-001;4.079938E-004
4494000;1.826419E-001;1.996457E-001;3.983974E-004
4507000;1.826419E-001;1.996457E-001;4.039705E-004
4519000;1.826419E-001;1.996457E-001;4.121065E-004
4531000;1.826419E-001;1.996457E-001;3.980994E-004
4545000;1.826250E-001;1.996457E-001;3.918111E-004
4558000;1.826250E-001;1.996457E-001;4.067123E-004
4570000;1.826081E-001;1.996457E-001;3.935397E-004
4583000;1.826081E-001;1.996457E-001;3.822744E-004
4596000;1.826081E-001;1.996457E-001;4.109442E-004
4609000;1.826081E-001;1.996457E-001;4.172325E-004
4622000;1.826081E-001;1.996457E-001;4.055798E-004
4635000;1.826081E-001;1.996457E-001;3.887117E-004
4647000;1.825744E-001;1.996457E-001;4.129112E-004
4659000;1.825744E-001;1.996457E-001;4.372597E-004
4671000;1.825913E-001;1.996457E-001;4.342198E-004
4683000;1.825744E-001;1.996457E-001;4.350245E-004
4695000;1.825575E-001;1.996457E-001;4.212558E-004
4708000;1.825575E-001;1.996457E-001;3.926754E-004
4723000;1.825575E-001;1.996457E-001;3.679693E-004
4735000;1.825575E-001;1.996457E-001;3.986657E-004
4749000;1.825575E-001;1.996457E-001;4.169643E-004
4761000;1.825407E-001;1.996457E-001;3.991723E-004
4775000;1.825575E-001;1.996457E-001;4.045069E-004
4788000;1.825238E-001;1.996457E-001;4.185140E-004
4800000;1.825407E-001;1.996457E-001;4.129708E-004
4812000;1.825069E-001;1.996457E-001;4.144609E-004
4824000;1.825069E-001;1.996457E-001;4.440844E-004
4837000;1.825069E-001;1.996457E-001;4.584789E-004
4849000;1.825069E-001;1.996457E-001;4.867613E-004
4862000;1.825069E-001;1.996457E-001;4.875064E-004
4874000;1.824900E-001;1.996457E-001;4.818738E-004
4886000;1.825069E-001;1.996457E-001;4.955232E-004
4899000;1.824900E-001;1.996457E-001;4.797578E-004
4911000;1.824900E-001;1.996457E-001;4.968643E-004
4925000;1.824731E-001;1.996457E-001;5.069971E-004
4937000;1.824731E-001;1.996457E-001;5.103946E-004
4949000;1.824563E-001;1.996457E-001;5.239546E-004
4962000;1.824563E-001;1.996457E-001;5.342066E-004
4975000;1.824563E-001;1.996457E-001;5.446076E-004
4987000;1.824394E-001;1.996457E-001;5.624592E-004
5000000;1.824394E-001;1.996457E-001;5.765557E-004
5012000;1.824225E-001;1.996457E-001;5.733669E-004
5025000;1.824225E-001;1.996457E-001;5.861223E-004
5037000;1.824225E-001;1.996457E-001;6.343424E-004
5050000;1.824225E-001;1.996457E-001;6.698966E-004
5063000;1.824225E-001;1.996457E-001;6.827712E-004
5076000;1.824057E-001;1.996457E-001;7.215738E-004
5088000;1.824057E-001;1.996457E-001;7.399917E-004
5101000;1.824057E-001;1.996457E-001;7.537007E-004
5114000;1.824057E-001;1.996457E-001;7.937551E-004
5126000;1.824057E-001;1.996457E-001;8.392930E-004
5138000;1.824057E-001;1.996457E-001;8.365512E-004
5151000;1.824057E-001;1.996457E-001;8.527040E-004
5165000;1.823888E-001;1.996457E-001;8.801818E-004
5178000;1.823888E-001;1.996457E-001;9.187758E-004
5189000;1.823888E-001;1.996457E-001;9.871125E-004
5202000;1.823888E-001;1.996457E-001;9.768307E-004
5214000;1.823888E-001;1.996457E-001;9.934604E-004
5226000;1.823888E-001;1.996457E-001;1.022726E-003
5239000;1.823888E-001;1.996457E-001;1.066566E-003
5251000;1.823888E-001;1.996457E-001;1.134634E-003
5264000;1.823888E-001;1.996457E-001;1.177073E-003
5276000;1.823888E-001;1.996457E-001;1.202703E-003
5289000;1.823888E-001;1.996457E-001;1.214296E-003
5302000;1.823719E-001;1.996457E-001;1.224965E-003
5314000;1.823719E-001;1.996457E-001;1.246035E-003
5327000;1.823888E-001;1.996457E-001;1.287192E-003
5339000;1.823719E-001;1.996457E-001;1.316249E-003
5352000;1.823888E-001;1.996457E-001;1.331657E-003
5365000;1.823888E-001;1.996457E-001;1.355469E-003
5378000;1.823719E-001;1.996457E-001;1.347572E-003
5392000;1.823888E-001;1.996457E-001;1.350492E-003
5405000;1.823719E-001;1.996457E-001;1.373440E-003
5418000;1.823719E-001;1.996457E-001;1.374573E-003
5430000;1.823719E-001;1.996457E-001;1.373440E-003
5443000;1.823888E-001;1.996457E-001;1.380980E-003
5456000;1.823719E-001;1.996457E-001;1.397848E-003
5468000;1.823888E-001;1.996457E-001;1.423508E-003
5481000;1.823719E-001;1.996457E-001;1.418382E-003
5493000;1.823719E-001;1.996457E-001;1.431406E-003
5506000;1.823719E-001;1.996457E-001;1.444727E-003
5519000;1.823719E-001;1.996457E-001;1.423687E-003
5531000;1.823719E-001;1.996457E-001;1.433134E-003
5543000;1.823719E-001;1.996457E-001;1.422584E-003
5555000;1.823550E-001;1.996457E-001;1.413435E-003
5567000;1.823719E-001;1.996457E-001;1.402169E-003
5580000;1.823719E-001;1.996457E-001;1.379520E-003
5593000;1.823719E-001;1.996457E-001;1.364619E-003
5607000;1.823550E-001;1.996457E-001;1.316726E-003
5620000;1.823550E-001;1.996457E-001;1.356840E-003
5633000;1.823550E-001;1.996457E-001;1.365095E-003
5645000;1.823550E-001;1.996457E-001;1.394778E-003
5657000;1.823550E-001;1.996457E-001;1.387477E-003
5670000;1.823550E-001;1.996457E-001;1.364321E-003
5682000;1.823550E-001;1.996457E-001;1.338929E-003
5694000;1.823550E-001;1.996457E-001;1.309365E-003
5706000;1.823550E-001;1.996457E-001;1.291484E-003
5719000;1.823550E-001;1.996457E-001;1.274049E-003
5731000;1.823550E-001;1.996457E-001;1.257986E-003
5743000;1.823381E-001;1.996457E-001;1.272529E-003
5755000;1.823381E-001;1.996457E-001;1.264870E-003
5767000;1.823381E-001;1.996457E-001;1.253515E-003
5779000;1.823381E-001;1.996457E-001;1.271755E-003
5791000;1.823381E-001;1.996457E-001;1.282990E-003
5803000;1.823381E-001;1.996457E-001;1.275718E-003
5815000;1.823213E-001;1.996457E-001;1.258492E-003
5827000;1.823213E-001;1.996457E-001;1.262158E-003
5839000;1.823381E-001;1.996457E-001;1.305670E-003
5851000;1.823381E-001;1.996457E-001;1.336426E-003
5864000;1.823213E-001;1.996457E-001;1.352906E-003
5876000;1.823213E-001;1.996457E-001;1.359254E-003
5888000;1.823213E-001;1.996457E-001;1.388550E-003
5901000;1.823213E-001;1.996457E-001;1.416147E-003
5913000;1.823213E-001;1.996457E-001;1.426727E-003
5926000;1.823213E-001;1.996457E-001;1.400232E-003
5938000;1.823213E-001;1.996457E-001;1.417249E-003
5950000;1.823213E-001;1.996457E-001;1.446962E-003
5962000;1.823044E-001;1.996457E-001;1.451105E-003
5975000;1.823044E-001;1.996457E-001;1.447469E-003
5988000;1.823044E-001;1.996457E-001;1.432955E-003
6000000;1.823044E-001;1.996457E-001;1.427352E-003
6012000;1.823044E-001;1.996457E-001;1.400918E-003
6025000;1.823044E-001;1.996457E-001;1.401544E-003
6037000;1.823044E-001;1.996457E-001;1.388341E-003
6049000;1.822875E-001;1.996457E-001;1.377642E-003
6061000;1.822875E-001;1.996457E-001;1.365989E-003
6073000;1.822875E-001;1.996457E-001;1.378834E-003
6086000;1.822706E-001;1.996457E-001;1.368582E-003
6098000;1.822706E-001;1.996457E-001;1.372278E-003
6110000;1.822875E-001;1.996457E-001;1.400918E-003
6122000;1.822706E-001;1.996457E-001;1.405239E-003
6135000;1.822706E-001;1.996457E-001;1.406878E-003
6147000;1.822706E-001;1.996457E-001;1.408070E-003
6160000;1.822706E-001;1.996457E-001;1.434058E-003
6172000;1.822538E-001;1.996457E-001;1.434594E-003
6184000;1.822706E-001;1.996457E-001;1.434803E-003
6196000;1.822538E-001;1.996457E-001;1.441181E-003
6210000;1.822706E-001;1.996457E-001;1.408964E-003
6223000;1.822706E-001;1.996457E-001;1.439929E-003
6236000;1.822538E-001;1.996457E-001;1.449883E-003
6248000;1.822369E-001;1.996457E-001;1.434118E-003
6260000;1.822706E-001;1.996457E-001;1.452237E-003
6272000;1.822538E-001;1.996457E-001;1.437545E-003
6285000;1.822538E-001;1.996457E-001;1.444519E-003
6298000;1.822200E-001;1.996457E-001;1.437545E-003
6310000;1.822369E-001;1.996457E-001;1.445860E-003
6322000;1.822200E-001;1.996457E-001;1.433879E-003
6335000;1.822031E-001;1.996457E-001;1.416385E-003
6347000;1.822200E-001;1.996457E-001;1.434922E-003
6361000;1.822031E-001;1.996457E-001;1.432836E-003
6373000;1.821863E-001;1.996457E-001;1.445919E-003
6386000;1.822031E-001;1.996457E-001;1.416147E-003
6399000;1.821863E-001;1.996457E-001;1.462609E-003
6412000;1.821694E-001;1.996457E-001;1.504183E-003
6425000;1.821694E-001;1.996457E-001;1.492709E-003
6438000;1.821694E-001;1.996457E-001;1.531363E-003
6450000;1.821694E-001;1.996457E-001;1.557231E-003
6463000;1.821694E-001;1.996457E-001;1.535624E-003
6476000;1.821694E-001;1.996457E-001;1.555324E-003
6489000;1.821525E-001;1.996457E-001;1.593173E-003
6502000;1.821525E-001;1.996457E-001;1.627803E-003
6515000;1.821525E-001;1.996457E-001;1.654893E-003
6528000;1.821525E-001;1.996457E-001;1.691431E-003
6540000;1.821525E-001;1.996457E-001;1.703590E-003
6553000;1.821525E-001;1.996457E-001;1.716197E-003
6565000;1.821525E-001;1.996457E-001;1.703918E-003
6577000;1.821525E-001;1.996457E-001;1.717299E-003
6591000;1.821357E-001;1.996457E-001;1.714021E-003
6603000;1.821525E-001;1.996457E-001;1.732320E-003
6616000;1.821357E-001;1.996457E-001;1.755834E-003
6629000;1.821357E-001;1.996457E-001;1.755506E-003
6641000;1.821357E-001;1.996457E-001;1.763552E-003
6653000;1.821357E-001;1.996457E-001;1.777381E-003
6665000;1.821357E-001;1.996457E-001;1.775861E-003
6678000;1.821525E-001;1.996457E-001;1.825929E-003
6690000;1.821357E-001;1.996457E-001;1.877189E-003
6702000;1.821188E-001;1.996457E-001;1.917750E-003
6714000;1.821357E-001;1.996457E-001;1.928985E-003
6726000;1.821188E-001;1.996457E-001;1.911163E-003
6738000;1.821188E-001;1.996457E-001;1.887888E-003
6751000;1.821188E-001;1.996457E-001;1.895308E-003
6763000;1.821019E-001;1.996457E-001;1.935303E-003
6775000;1.821019E-001;1.996457E-001;1.976013E-003
6787000;1.821019E-001;1.996457E-001;2.015918E-003
6799000;1.858479E-001;-2.003544E-001;1.334369E-003
6811000;1.968665E-001;-2.003544E-001;-5.826324E-003
6823000;2.072945E-001;-2.003544E-001;-2.145749E-002
6834000;2.151071E-001;-2.003544E-001;-4.167777E-002
6846000;2.210973E-001;-2.003544E-001;-6.937297E-002
6858000;2.248095E-001;-2.003544E-001;-1.012586E-001
6869000;2.258388E-001;-2.003544E-001;-1.301954E-001
6881000;2.253494E-001;-2.003544E-001;-1.578782E-001
6894000;2.238983E-001;-2.003544E-001;-1.824719E-001
6907000;2.215866E-001;-2.003544E-001;-2.015339E-001
6919000;2.187855E-001;-2.003544E-001;-2.145281E-001
6931000;2.156808E-001;-2.003544E-001;-2.235363E-001
6944000;2.115129E-001;-2.003544E-001;-2.293314E-001
6956000;2.076151E-001;-2.003544E-001;-2.314478E-001
6968000;2.035822E-001;-2.003544E-001;-2.308714E-001
6980000;1.990432E-001;-2.003544E-001;-2.282688E-001
6993000;1.950441E-001;-2.003544E-001;-2.239011E-001
7006000;1.904882E-001;-2.003544E-001;-2.186093E-001
7018000;1.861685E-001;-2.003544E-001;-2.114978E-001
7031000;1.816463E-001;-2.003544E-001;-2.033820E-001
7044000;1.772760E-001;-2.003544E-001;-1.952981E-001
7056000;1.733107E-001;-2.003544E-001;-1.861970E-001
7069000;1.690754E-001;-2.003544E-001;-1.775893E-001
7081000;1.648063E-001;-2.003544E-001;-1.705679E-001
7093000;1.607903E-001;-2.003544E-001;-1.639921E-001
7106000;1.565719E-001;-2.003544E-001;-1.565999E-001
7119000;1.520159E-001;-2.003544E-001;-1.496960E-001
7130000;1.481350E-001;-2.003544E-001;-1.434863E-001
7142000;1.434441E-001;-2.003544E-001;-1.377172E-001
7155000;1.389388E-001;-2.003544E-001;-1.313738E-001
7168000;1.336573E-001;-2.003544E-001;-1.252078E-001
7181000;1.291182E-001;-2.003544E-001;-1.198841E-001
7193000;1.245285E-001;-2.003544E-001;-1.142758E-001
7204000;1.202932E-001;-2.003544E-001;-1.096341E-001
7216000;1.156529E-001;-2.003544E-001;-1.047868E-001
7228000;1.109452E-001;-2.003544E-001;-1.000397E-001
7240000;1.062205E-001;-2.003544E-001;-9.550194E-002
7252000;1.014621E-001;-2.003544E-001;-9.122945E-002
7264000;9.607935E-002;-2.003544E-001;-8.692968E-002
7276000;9.118595E-002;-2.003544E-001;-8.255942E-002
7289000;8.629255E-002;-2.003544E-001;-7.795036E-002
7302000;8.114605E-002;-2.003544E-001;-7.377976E-002
7314000;7.626952E-002;-2.003544E-001;-6.956783E-002
7326000;7.076866E-002;-2.003544E-001;-6.590375E-002
7338000;6.611151E-002;-2.003544E-001;-6.217262E-002
7350000;6.067814E-002;-2.003544E-001;-5.845492E-002
7363000;5.509292E-002;-2.003544E-001;-5.434719E-002
7376000;4.979455E-002;-2.003544E-001;-5.017804E-002
7388000;4.463117E-002;-2.003544E-001;-4.728810E-002
7401000;3.904594E-002;-2.003544E-001;-4.379836E-002
7413000;3.388257E-002;-2.003544E-001;-3.999205E-002
7425000;2.919165E-002;-2.003544E-001;-3.666650E-002
7438000;2.321833E-002;-2.003544E-001;-3.268668E-002
7452000;1.746437E-002;-2.003544E-001;-2.929428E-002
7464000;1.213225E-002;-2.003544E-001;-2.590668E-002
7476000;6.665145E-003;-2.003544E-001;-2.224250E-002
7489000;5.737104E-004;-2.003544E-001;-1.842408E-002
7501000;-4.859652E-003;-2.003544E-001;-1.466879E-002
7513000;-1.041113E-002;-2.003544E-001;-1.117313E-002
7525000;-1.582761E-002;-2.003544E-001;-7.397234E-003
7537000;-2.117660E-002;-2.003544E-001;-3.866136E-003
7549000;-2.652560E-002;-2.003544E-001;-3.138185E-004
7562000;-3.216144E-002;-2.003544E-001;2.818733E-003
7575000;-3.776354E-002;-2.003544E-001;5.749971E-003
7587000;-4.284255E-002;-2.003544E-001;9.073198E-003
7599000;-4.795531E-002;-2.003544E-001;1.203895E-002
7611000;-5.316931E-002;-2.003544E-001;1.480871E-002
7623000;-5.821457E-002;-2.003544E-001;1.793283E-002
7635000;-6.300672E-002;-2.003544E-001;2.086350E-002
7648000;-6.884506E-002;-2.003544E-001;2.380273E-002
7662000;-7.410967E-002;-2.003544E-001;2.669913E-002
7675000;-7.967802E-002;-2.003544E-001;2.955204E-002
7688000;-8.524638E-002;-2.003544E-001;3.215706E-002
7700000;-9.003853E-002;-2.003544E-001;3.425339E-002
7712000;-9.488130E-002;-2.003544E-001;3.648606E-002
7724000;-1.000953E-001;-2.003544E-001;3.891671E-002
7737000;-1.052081E-001;-2.003544E-001;4.121816E-002
7750000;-1.099665E-001;-2.003544E-001;4.337192E-002
7762000;-1.149949E-001;-2.003544E-001;4.533139E-002
7774000;-1.191289E-001;-2.003544E-001;4.703143E-002
7786000;-1.236680E-001;-2.003544E-001;4.886881E-002
7799000;-1.285108E-001;-2.003544E-001;5.110422E-002
7811000;-1.328980E-001;-2.003544E-001;5.304879E-002
7824000;-1.376057E-001;-2.003544E-001;5.489257E-002
7837000;-1.423135E-001;-2.003544E-001;5.674332E-002
7849000;-1.468863E-001;-2.003544E-001;5.852243E-002
7861000;-1.506998E-001;-2.003544E-001;6.028035E-002
7873000;-1.547158E-001;-2.003544E-001;6.185034E-002
7885000;-1.589511E-001;-2.003544E-001;6.308347E-002
7897000;-1.624777E-001;-2.003544E-001;6.428969E-002
7909000;-1.662743E-001;-2.003544E-001;6.567129E-002
7921000;-1.699865E-001;-2.003544E-001;6.676060E-002
7933000;-1.736313E-001;-2.003544E-001;6.743571E-002
7945000;-1.776304E-001;-2.003544E-001;6.831574E-002
7959000;-1.814945E-001;-2.003544E-001;6.956020E-002
7971000;-1.848355E-001;-2.003544E-001;7.027471E-002
7984000;-1.886827E-001;-2.003544E-001;7.091412E-002
7997000;-1.918887E-001;-2.003544E-001;7.175699E-002
8009000;-1.949260E-001;-2.003544E-001;7.244053E-002
8021000;-1.981826E-001;-2.003544E-001;7.261866E-002
8034000;-2.014730E-001;-2.003544E-001;7.258272E-002
8047000;-2.045103E-001;-2.003544E-001;7.290736E-002
8059000;-2.073957E-001;-2.003544E-001;7.334095E-002
8070000;-2.099774E-001;-2.003544E-001;7.340732E-002
8083000;-2.129135E-001;-2.003544E-001;7.315928E-002
8095000;-2.155120E-001;-2.003544E-001;7.313734E-002
8107000;-2.182456E-001;-2.003544E-001;7.383868E-002
8119000;-2.207260E-001;-2.003544E-001;7.641023E-002
8132000;-2.222784E-001;-2.003544E-001;8.216530E-002
8144000;-2.218734E-001;-2.003544E-001;9.006768E-002
8157000;-2.195111E-001;-2.003544E-001;9.827867E-002
8169000;-2.161195E-001;-2.003544E-001;1.041678E-001
8182000;-2.116479E-001;-2.003544E-001;1.048609E-001
8194000;-2.076657E-001;-2.003544E-001;1.008843E-001
8207000;-2.043247E-001;-2.003544E-001;9.343070E-002
8219000;-2.015574E-001;-2.003544E-001;8.301505E-002
8231000;-1.988913E-001;-2.003544E-001;7.294017E-002
8243000;-1.964446E-001;-2.003544E-001;6.336236E-002
8256000;-1.938630E-001;-2.003544E-001;5.582908E-002
8270000;-1.903532E-001;-2.003544E-001;4.635945E-002
8282000;-1.872653E-001;-2.003544E-001;3.795406E-002
8294000;-1.843630E-001;-2.003544E-001;2.887395E-002
8306000;-1.815282E-001;-2.003544E-001;2.010268E-002
8318000;-1.784572E-001;-2.003544E-001;1.258984E-002
8330000;-1.760274E-001;-2.003544E-001;5.124450E-003
8343000;-1.729226E-001;-2.003544E-001;-2.734751E-003
8355000;-1.706615E-001;-2.003544E-001;-9.262919E-003
8368000;-1.679786E-001;-2.003544E-001;-1.553309E-002
8380000;-1.654812E-001;-2.003544E-001;-2.118973E-002
8392000;-1.629502E-001;-2.003544E-001;-2.662826E-002
8404000;-1.606553E-001;-2.003544E-001;-3.143138E-002
8417000;-1.584617E-001;-2.003544E-001;-3.601760E-002
8429000;-1.563694E-001;-2.003544E-001;-3.996322E-002
8441000;-1.543952E-001;-2.003544E-001;-4.338625E-002
8453000;-1.524715E-001;-2.003544E-001;-4.620631E-002
8465000;-1.505986E-001;-2.003544E-001;-4.947129E-002
8477000;-1.487593E-001;-2.003544E-001;-5.206469E-002
8489000;-1.471394E-001;-2.003544E-001;-5.402717E-002
8501000;-1.456039E-001;-2.003544E-001;-5.571014E-002
8513000;-1.441190E-001;-2.003544E-001;-5.740215E-002
8526000;-1.426679E-001;-2.003544E-001;-5.861036E-002
8539000;-1.413348E-001;-2.003544E-001;-5.916113E-002
8551000;-1.401368E-001;-2.003544E-001;-5.955613E-002
8565000;-1.389050E-001;-2.003544E-001;-6.009077E-002
8578000;-1.378082E-001;-2.003544E-001;-6.058425E-002
8592000;-1.367114E-001;-2.003544E-001;-6.078883E-002
8604000;-1.358509E-001;-2.003544E-001;-6.063005E-002
8615000;-1.350747E-001;-2.003544E-001;-6.023437E-002
8628000;-1.343491E-001;-2.003544E-001;-5.991091E-002
8640000;-1.337416E-001;-2.003544E-001;-5.950026E-002
8653000;-1.330836E-001;-2.003544E-001;-5.880290E-002
8665000;-1.326111E-001;-2.003544E-001;-5.806592E-002
8678000;-1.320711E-001;-2.003544E-001;-5.722925E-002
8691000;-1.316830E-001;-2.003544E-001;-5.638273E-002
8703000;-1.313287E-001;-2.003544E-001;-5.529962E-002
8717000;-1.310250E-001;-2.003544E-001;-5.417579E-002
8729000;-1.308056E-001;-2.003544E-001;-5.322413E-002
8741000;-1.306200E-001;-2.003544E-001;-5.217132E-002
8753000;-1.305525E-001;-2.003544E-001;-5.102590E-002
8767000;-1.304850E-001;-2.003544E-001;-4.975021E-002
8780000;-1.305019E-001;-2.003544E-001;-4.851922E-002
8792000;-1.305187E-001;-2.003544E-001;-4.742670E-002
8805000;-1.305187E-001;-2.003544E-001;-4.651558E-002
8817000;-1.305525E-001;-2.003544E-001;-4.592040E-002
8830000;-1.306369E-001;-2.003544E-001;-4.536833E-002
8844000;-1.307550E-001;-2.003544E-001;-4.499114E-002
8858000;-1.309069E-001;-2.003544E-001;-4.469179E-002
8871000;-1.310925E-001;-2.003544E-001;-4.433182E-002
8883000;-1.313456E-001;-2.003544E-001;-4.389985E-002
8895000;-1.316493E-001;-2.003544E-001;-4.334131E-002
8909000;-1.319868E-001;-2.003544E-001;-4.273386E-002
8921000;-1.323411E-001;-2.003544E-001;-4.217261E-002
8934000;-1.326955E-001;-2.003544E-001;-4.162388E-002
8946000;-1.331004E-001;-2.003544E-001;-4.109576E-002
8959000;-1.334885E-001;-2.003544E-001;-4.041770E-002
8972000;-1.339779E-001;-2.003544E-001;-3.959191E-002
8984000;-1.344166E-001;-2.003544E-001;-3.883037E-002
8997000;-1.349228E-001;-2.003544E-001;-3.795092E-002
9009000;-1.353953E-001;-2.003544E-001;-3.709441E-002
9022000;-1.359521E-001;-2.003544E-001;-3.619717E-002
9035000;-1.365089E-001;-2.003544E-001;-3.535357E-002
9047000;-1.370827E-001;-2.003544E-001;-3.451589E-002
9060000;-1.377070E-001;-2.003544E-001;-3.347811E-002
9074000;-1.382638E-001;-2.003544E-001;-3.261314E-002
9088000;-1.388713E-001;-2.003544E-001;-3.186297E-002
9100000;-1.394281E-001;-2.003544E-001;-3.119825E-002
9111000;-1.400356E-001;-2.003544E-001;-3.038850E-002
9124000;-1.407274E-001;-2.003544E-001;-2.944654E-002
9137000;-1.413855E-001;-2.003544E-001;-2.859487E-002
9149000;-1.420098E-001;-2.003544E-001;-2.770062E-002
9162000;-1.426173E-001;-2.003544E-001;-2.688077E-002
9175000;-1.433428E-001;-2.003544E-001;-2.603967E-002
9187000;-1.440178E-001;-2.003544E-001;-2.508023E-002
9199000;-1.446759E-001;-2.003544E-001;-2.421461E-002
9211000;-1.453339E-001;-2.003544E-001;-2.358142E-002
9224000;-1.459583E-001;-2.003544E-001;-2.308781E-002
9237000;-1.466670E-001;-2.003544E-001;-2.261005E-002
9249000;-1.473251E-001;-2.003544E-001;-2.205494E-002
9262000;-1.480675E-001;-2.003544E-001;-2.150622E-002
9274000;-1.487762E-001;-2.003544E-001;-2.094705E-002
9288000;-1.495861E-001;-2.003544E-001;-2.034388E-002
9300000;-1.502780E-001;-2.003544E-001;-1.971479E-002
9312000;-1.509698E-001;-2.003544E-001;-1.902296E-002
9325000;-1.516279E-001;-2.003544E-001;-1.843299E-002
9337000;-1.523028E-001;-2.003544E-001;-1.797158E-002
9350000;-1.530453E-001;-2.003544E-001;-1.751980E-002
9362000;-1.537033E-001;-2.003544E-001;-1.710591E-002
9375000;-1.543951E-001;-2.003544E-001;-1.679650E-002
9388000;-1.551207E-001;-2.003544E-001;-1.643541E-002
9400000;-1.558463E-001;-2.003544E-001;-1.593673E-002
9413000;-1.566225E-001;-2.003544E-001;-1.513964E-002
9426000;-1.574662E-001;-2.003544E-001;-1.427475E-002
9440000;-1.582255E-001;-2.003544E-001;-1.369029E-002
9452000;-1.589848E-001;-2.003544E-001;-1.317212E-002
9464000;-1.596092E-001;-2.003544E-001;-1.258573E-002
9476000;-1.602672E-001;-2.003544E-001;-1.204249E-002
9488000;-1.608747E-001;-2.003544E-001;-1.177624E-002
9501000;-1.616171E-001;-2.003544E-001;-1.170129E-002
9515000;-1.623933E-001;-2.003544E-001;-1.142329E-002
9528000;-1.630345E-001;-2.003544E-001;-1.093030E-002
9540000;-1.636420E-001;-2.003544E-001;-1.048899E-002
9552000;-1.642832E-001;-2.003544E-001;-1.019284E-002
9565000;-1.649413E-001;-2.003544E-001;-9.896100E-003
9579000;-1.656500E-001;-2.003544E-001;-9.458512E-003
9592000;-1.662574E-001;-2.003544E-001;-8.992583E-003
9604000;-1.668480E-001;-2.003544E-001;-8.787274E-003
9616000;-1.673880E-001;-2.003544E-001;-8.740395E-003
9629000;-1.679786E-001;-2.003544E-001;-8.576542E-003
9641000;-1.685185E-001;-2.003544E-001;-8.395284E-003
9653000;-1.690754E-001;-2.003544E-001;-8.347094E-003
9666000;-1.696491E-001;-2.003544E-001;-8.341700E-003
9680000;-1.702565E-001;-2.003544E-001;-8.224577E-003
9692000;-1.708809E-001;-2.003544E-001;-7.891864E-003
9705000;-1.714883E-001;-2.003544E-001;-7.356852E-003
9718000;-1.720620E-001;-2.003544E-001;-6.916821E-003
9730000;-1.725176E-001;-2.003544E-001;-6.573379E-003
9742000;-1.730238E-001;-2.003544E-001;-6.305516E-003
9754000;-1.735469E-001;-2.003544E-001;-6.100804E-003
9766000;-1.740025E-001;-2.003544E-001;-5.919695E-003
9778000;-1.745087E-001;-2.003544E-001;-5.808473E-003
9791000;-1.749474E-001;-2.003544E-001;-5.762130E-003
9804000;-1.754199E-001;-2.003544E-001;-5.661726E-003
9815000;-1.758249E-001;-2.003544E-001;-5.644172E-003
9828000;-1.762130E-001;-2.003544E-001;-5.841374E-003
9840000;-1.766348E-001;-2.003544E-001;-5.978167E-003
9853000;-1.770567E-001;-2.003544E-001;-5.989611E-003
9865000;-1.774616E-001;-2.003544E-001;-6.010115E-003
9878000;-1.778666E-001;-2.003544E-001;-5.996585E-003
9890000;-1.782716E-001;-2.003544E-001;-5.948126E-003
9903000;-1.787440E-001;-2.003544E-001;-5.935848E-003
9915000;-1.791490E-001;-2.003544E-001;-5.936652E-003
9928000;-1.796046E-001;-2.003544E-001;-5.843014E-003
9941000;-1.800096E-001;-2.003544E-001;-5.690515E-003
9954000;-1.803977E-001;-2.003544E-001;-5.614579E-003
9967000;-1.807351E-001;-2.003544E-001;-5.568594E-003
9979000;-1.811232E-001;-2.003544E-001;-5.530953E-003
9992000;-1.814776E-001;-2.003544E-001;-5.537957E-003
10005000;-1.817982E-001;-2.003544E-001;-5.638421E-003
10017000;-1.821188E-001;-2.003544E-001;-5.739897E-003
10029000;-1.824731E-001;-2.003544E-001;-5.704165E-003
10042000;-1.828275E-001;-2.003544E-001;-5.611598E-003
10053000;-1.831312E-001;-2.003544E-001;-5.621046E-003
10066000;-1.834012E-001;-2.003544E-001;-5.742311E-003
10078000;-1.836880E-001;-2.003544E-001;-5.792260E-003
10090000;-1.840255E-001;-2.003544E-001;-5.727291E-003
10103000;-1.843124E-001;-2.003544E-001;-5.637735E-003
10116000;-1.846161E-001;-2.003544E-001;-5.608946E-003
10128000;-1.848692E-001;-2.003544E-001;-5.585760E-003
10141000;-1.851392E-001;-2.003544E-001;-5.478293E-003
10153000;-1.854261E-001;-2.003544E-001;-5.360395E-003
10166000;-1.856792E-001;-2.003544E-001;-5.279481E-003
10178000;-1.859491E-001;-2.003544E-001;-5.224496E-003
10190000;-1.861685E-001;-2.003544E-001;-5.123049E-003
10202000;-1.863879E-001;-2.003544E-001;-5.021244E-003
10214000;-1.865903E-001;-2.003544E-001;-4.949272E-003
10227000;-1.867928E-001;-2.003544E-001;-4.891783E-003
10240000;-1.869784E-001;-2.003544E-001;-4.905134E-003
10253000;-1.871641E-001;-2.003544E-001;-4.866540E-003
10267000;-1.873497E-001;-2.003544E-001;-4.822284E-003
10281000;-1.875015E-001;-2.003544E-001;-4.862040E-003
10295000;-1.876365E-001;-2.003544E-001;-4.971743E-003
10307000;-1.877378E-001;-2.003544E-001;-5.048543E-003
10319000;-1.878390E-001;-2.003544E-001;-5.167067E-003
10331000;-1.879402E-001;-2.003544E-001;-5.321264E-003
10343000;-1.880246E-001;-2.003544E-001;-5.503803E-003
10355000;-1.880921E-001;-2.003544E-001;-5.703241E-003
10367000;-1.881765E-001;-2.003544E-001;-5.839914E-003
10380000;-1.882271E-001;-2.003544E-001;-5.995810E-003
10393000;-1.882440E-001;-2.003544E-001;-6.200314E-003
10405000;-1.882946E-001;-2.003544E-001;-6.428838E-003
10417000;-1.883283E-001;-2.003544E-001;-6.573915E-003
10429000;-1.883621E-001;-2.003544E-001;-6.817371E-003
10441000;-1.883790E-001;-2.003544E-001;-7.018030E-003
10452000;-1.884127E-001;-2.003544E-001;-7.159829E-003
10464000;-1.884296E-001;-2.003544E-001;-7.290304E-003
10477000;-1.884296E-001;-2.003544E-001;-7.429034E-003
10489000;-1.884465E-001;-2.003544E-001;-7.561266E-003
10501000;-1.884465E-001;-2.003544E-001;-7.707089E-003
10514000;-1.884465E-001;-2.003544E-001;-7.803351E-003
10527000;-1.884465E-001;-2.003544E-001;-7.908642E-003
10539000;-1.884465E-001;-2.003544E-001;-7.996380E-003
10552000;-1.884465E-001;-2.003544E-001;-8.029997E-003
10564000;-1.884465E-001;-2.003544E-001;-8.089215E-003
10576000;-1.884465E-001;-2.003544E-001;-8.074105E-003
10588000;-1.884296E-001;-2.003544E-001;-8.047342E-003
10600000;-1.884296E-001;-2.003544E-001;-8.028239E-003
10613000;-1.884296E-001;-2.003544E-001;-7.940501E-003
10626000;-1.884296E-001;-2.003544E-001;-7.874817E-003
10639000;-1.884296E-001;-2.003544E-001;-7.772028E-003
10652000;-1.884296E-001;-2.003544E-001;-7.663250E-003
10664000;-1.884296E-001;-2.003544E-001;-7.534921E-003
10677000;-1.884127E-001;-2.003544E-001;-7.387549E-003
10689000;-1.884127E-001;-2.003544E-001;-7.229984E-003
10701000;-1.884127E-001;-2.003544E-001;-7.020593E-003
10713000;-1.884127E-001;-2.003544E-001;-6.808788E-003
10725000;-1.884127E-001;-2.003544E-001;-6.584853E-003
10737000;-1.883790E-001;-2.003544E-001;-6.346285E-003
10750000;-1.883959E-001;-2.003544E-001;-6.048948E-003
10762000;-1.883621E-001;-2.003544E-001;-5.804032E-003
10776000;-1.883621E-001;-2.003544E-001;-5.477756E-003
10788000;-1.883621E-001;-2.003544E-001;-5.161226E-003
10800000;-1.883283E-001;-2.003544E-001;-4.874557E-003
10813000;-1.883283E-001;-2.003544E-001;-4.573017E-003
10826000;-1.882946E-001;-2.003544E-001;-4.278511E-003
10838000;-1.882946E-001;-2.003544E-001;-3.966361E-003
10850000;-1.882777E-001;-2.003544E-001;-3.640711E-003
10863000;-1.882440E-001;-2.003544E-001;-3.345758E-003
10876000;-1.882271E-001;-2.003544E-001;-3.022820E-003
10888000;-1.882102E-001;-2.003544E-001;-2.694249E-003
10901000;-1.881765E-001;-2.003544E-001;-2.396315E-003
10913000;-1.881596E-001;-2.003544E-001;-2.111614E-003
10926000;-1.881259E-001;-2.003544E-001;-1.790106E-003
10939000;-1.880752E-001;-2.003544E-001;-1.478523E-003
10951000;-1.880246E-001;-2.003544E-001;-1.226723E-003
10964000;-1.879909E-001;-2.003544E-001;-1.021564E-003
10976000;-1.879402E-001;-2.003544E-001;-8.251667E-004
10988000;-1.878728E-001;-2.003544E-001;-6.523132E-004
11001000;-1.877715E-001;-2.003544E-001;-5.965233E-004
11013000;-1.876871E-001;-2.003544E-001;-6.614327E-004
11025000;-1.875690E-001;-2.003544E-001;-8.289516E-004
11038000;-1.874340E-001;-2.003544E-001;-1.108259E-003
11051000;-1.872990E-001;-2.003544E-001;-1.366675E-003
11064000;-1.871978E-001;-2.003544E-001;-1.548946E-003
11076000;-1.871134E-001;-2.003544E-001;-1.572311E-003
11088000;-1.869953E-001;-2.003544E-001;-1.626313E-003
11100000;-1.869447E-001;-2.003544E-001;-1.735508E-003
11113000;-1.868941E-001;-2.003544E-001;-1.753062E-003
11126000;-1.868097E-001;-2.003544E-001;-1.711428E-003
11138000;-1.867253E-001;-2.003544E-001;-1.721084E-003
11150000;-1.866410E-001;-2.003544E-001;-1.727194E-003
11162000;-1.865903E-001;-2.003544E-001;-1.749665E-003
11173000;-1.865229E-001;-2.003544E-001;-1.779169E-003
11185000;-1.864722E-001;-2.003544E-001;-1.783133E-003
11198000;-1.863710E-001;-2.003544E-001;-1.778394E-003
11210000;-1.863035E-001;-2.003544E-001;-1.851827E-003
11222000;-1.862529E-001;-2.003544E-001;-1.952261E-003
11234000;-1.862191E-001;-2.003544E-001;-1.945913E-003
11247000;-1.861685E-001;-2.003544E-001;-1.933694E-003
11259000;-1.861010E-001;-2.003544E-001;-1.957953E-003
11271000;-1.860673E-001;-2.003544E-001;-1.988798E-003
11283000;-1.860166E-001;-2.003544E-001;-2.018511E-003
11295000;-1.859998E-001;-2.003544E-001;-2.025425E-003
11307000;-1.859829E-001;-2.003544E-001;-2.022713E-003
11319000;-1.859491E-001;-2.003544E-001;-2.035737E-003
11332000;-1.859154E-001;-2.003544E-001;-2.063215E-003
11343000;-1.858985E-001;-2.003544E-001;-2.032101E-003
11355000;-1.858816E-001;-2.003544E-001;-2.043456E-003
11366000;-1.858816E-001;-2.003544E-001;-2.045631E-003
11379000;-1.858817E-001;-2.003544E-001;-2.056718E-003
11391000;-1.858648E-001;-2.003544E-001;-2.020240E-003
11404000;-1.858648E-001;-2.003544E-001;-1.999438E-003
11416000;-1.858648E-001;-2.003544E-001;-2.002984E-003
11428000;-1.858479E-001;-2.003544E-001;-1.980394E-003
11441000;-1.858479E-001;-2.003544E-001;-1.986861E-003
11453000;-1.858479E-001;-2.003544E-001;-1.997709E-003
11465000;-1.858479E-001;-2.003544E-001;-2.028584E-003
11476000;-1.858479E-001;-2.003544E-001;-2.084553E-003
11489000;-1.858479E-001;-2.003544E-001;-2.082586E-003
11502000;-1.858479E-001;-2.003544E-001;-2.121538E-003
11515000;-1.858479E-001;-2.003544E-001;-2.157986E-003
11528000;-1.858479E-001;-2.003544E-001;-2.203792E-003
11540000;-1.858479E-001;-2.003544E-001;-2.288282E-003
11553000;-1.858479E-001;-2.003544E-001;-2.393454E-003
11566000;-1.858648E-001;-2.003544E-001;-2.499074E-003
11578000;-1.858648E-001;-2.003544E-001;-2.605379E-003
11591000;-1.858648E-001;-2.003544E-001;-2.714515E-003
11603000;-1.858479E-001;-2.003544E-001;-2.842993E-003
11614000;-1.858817E-001;-2.003544E-001;-2.947181E-003
11627000;-1.858648E-001;-2.003544E-001;-3.069252E-003
11639000;-1.858817E-001;-2.003544E-001;-3.159136E-003
11651000;-1.858648E-001;-2.003544E-001;-3.251553E-003
11664000;-1.858648E-001;-2.003544E-001;-3.361136E-003
11676000;-1.858648E-001;-2.003544E-001;-3.486216E-003
11688000;-1.858817E-001;-2.003544E-001;-3.595620E-003
11700000;-1.858648E-001;-2.003544E-001;-3.690869E-003
11713000;-1.858817E-001;-2.003544E-001;-3.805369E-003
11724000;-1.858816E-001;-2.003544E-001;-3.915697E-003
11737000;-1.858985E-001;-2.003544E-001;-3.998727E-003
11748000;-1.858816E-001;-2.003544E-001;-4.098445E-003
11760000;-1.858985E-001;-2.003544E-001;-4.255682E-003
11773000;-1.858985E-001;-2.003544E-001;-4.365653E-003
11785000;-1.858985E-001;-2.003544E-001;-4.505932E-003
11798000;-1.858985E-001;-2.003544E-001;-4.651219E-003
11811000;-1.858985E-001;-2.003544E-001;-4.754484E-003
11823000;-1.858985E-001;-2.003544E-001;-4.867285E-003
11835000;-1.858985E-001;-2.003544E-001;-5.032778E-003
11847000;-1.859154E-001;-2.003544E-001;-5.126655E-003
11860000;-1.859154E-001;-2.003544E-001;-5.241722E-003
11874000;-1.859154E-001;-2.003544E-001;-5.427212E-003
11887000;-1.859491E-001;-2.003544E-001;-5.546480E-003
11900000;-1.859491E-001;-2.003544E-001;-5.682021E-003
11912000;-1.859323E-001;-2.003544E-001;-5.807012E-003
11925000;-1.859491E-001;-2.003544E-001;-5.956143E-003
11937000;-1.859491E-001;-2.003544E-001;-6.112874E-003
11949000;-1.859660E-001;-2.003544E-001;-6.238848E-003
11961000;-1.859829E-001;-2.003544E-001;-6.386310E-003
11973000;-1.859829E-001;-2.003544E-001;-6.515980E-003
11985000;-1.859829E-001;-2.003544E-001;-6.638259E-003
11998000;-1.859829E-001;-2.003544E-001;-6.745905E-003
12010000;-1.859829E-001;-2.003544E-001;-6.925464E-003
12024000;-1.860166E-001;-2.003544E-001;-7.110208E-003
12037000;-1.860166E-001;-2.003544E-001;-7.246673E-003
12049000;-1.860166E-001;-2.003544E-001;-7.356495E-003
12062000;-1.860166E-001;-2.003544E-001;-7.518649E-003
12076000;-1.860504E-001;-2.003544E-001;-7.707149E-003
12088000;-1.860504E-001;-2.003544E-001;-7.834524E-003
12101000;-1.860504E-001;-2.003544E-001;-8.015752E-003
12113000;-1.860673E-001;-2.003544E-001;-8.172989E-003
12125000;-1.861010E-001;-2.003544E-001;-8.321434E-003
12137000;-1.861010E-001;-2.003544E-001;-8.489579E-003
12150000;-1.861010E-001;-2.003544E-001;-8.641005E-003
12161000;-1.861010E-001;-2.003544E-001;-8.752555E-003
12173000;-1.861179E-001;-2.003544E-001;-8.900374E-003
12186000;-1.861348E-001;-2.003544E-001;-9.087533E-003
12198000;-1.861516E-001;-2.003544E-001;-9.221613E-003
12211000;-1.861854E-001;-2.003544E-001;-9.365410E-003
12224000;-1.861854E-001;-2.003544E-001;-9.509981E-003
12236000;-1.861854E-001;-2.003544E-001;-9.687483E-003
12249000;-1.862022E-001;-2.003544E-001;-9.855270E-003
12263000;-1.862191E-001;-2.003544E-001;-9.992391E-003
12275000;-1.862529E-001;-2.003544E-001;-1.010525E-002
12287000;-1.862529E-001;-2.003544E-001;-1.025599E-002
12300000;-1.862697E-001;-2.003544E-001;-1.037237E-002
12312000;-1.863204E-001;-2.003544E-001;-1.049161E-002
12325000;-1.863372E-001;-2.003544E-001;-1.058277E-002
12337000;-1.863879E-001;-2.003544E-001;-1.061058E-002
12349000;-1.864047E-001;-2.003544E-001;-1.067811E-002
12361000;-1.864216E-001;-2.003544E-001;-1.071635E-002
12373000;-1.864554E-001;-2.003544E-001;-1.073736E-002
12385000;-1.864891E-001;-2.003544E-001;-1.076561E-002
12397000;-1.865229E-001;-2.003544E-001;-1.080242E-002
12409000;-1.865735E-001;-2.003544E-001;-1.082361E-002
12422000;-1.865903E-001;-2.003544E-001;-1.085722E-002
12435000;-1.866410E-001;-2.003544E-001;-1.086339E-002
12448000;-1.866578E-001;-2.003544E-001;-1.089832E-002
12461000;-1.866747E-001;-2.003544E-001;-1.095816E-002
12474000;-1.867253E-001;-2.003544E-001;-1.098260E-002
12486000;-1.867591E-001;-2.003544E-001;-1.098919E-002
12499000;-1.867928E-001;-2.003544E-001;-1.104099E-002
12512000;-1.868097E-001;-2.003544E-001;-1.105064E-002
12524000;-1.868266E-001;-2.003544E-001;-1.107386E-002
12536000;-1.868772E-001;-2.003544E-001;-1.112366E-002
12548000;-1.869278E-001;-2.003544E-001;-1.111308E-002
12560000;-1.869784E-001;-2.003544E-001;-1.102278E-002
12574000;-1.870628E-001;-2.003544E-001;-1.077694E-002
12587000;-1.871134E-001;-2.003544E-001;-1.052901E-002
12598000;-1.871641E-001;-2.003544E-001;-1.029810E-002
12611000;-1.872484E-001;-2.003544E-001;-9.992182E-003
12623000;-1.873159E-001;-2.003544E-001;-9.629995E-003
12635000;-1.873497E-001;-2.003544E-001;-9.304792E-003
12648000;-1.874003E-001;-2.003544E-001;-9.008020E-003
12661000;-1.874172E-001;-2.003544E-001;-8.792609E-003
12673000;-1.874172E-001;-2.003544E-001;-8.651614E-003
12685000;-1.874509E-001;-2.003544E-001;-8.520484E-003
12698000;-1.874509E-001;-2.003544E-001;-8.413166E-003
12710000;-1.874678E-001;-2.003544E-001;-8.319616E-003
12722000;-1.874678E-001;-2.003544E-001;-8.238554E-003
12735000;-1.874847E-001;-2.003544E-001;-8.139819E-003
12747000;-1.874678E-001;-2.003544E-001;-8.040339E-003
12759000;-1.874678E-001;-2.003544E-001;-7.925987E-003
12772000;-1.874678E-001;-2.003544E-001;-7.761657E-003
12784000;-1.874509E-001;-2.003544E-001;-7.595330E-003
12796000;-1.874509E-001;-2.003544E-001;-7.438838E-003
12808000;-1.874509E-001;-2.003544E-001;-7.235318E-003
12821000;-1.874509E-001;-2.003544E-001;-7.015079E-003
12833000;-1.874509E-001;-2.003544E-001;-6.817341E-003
12846000;-1.874509E-001;-2.003544E-001;-6.570071E-003
12858000;-1.874340E-001;-2.003544E-001;-6.357700E-003
12870000;-1.874340E-001;-2.003544E-001;-6.149411E-003
12882000;-1.874340E-001;-2.003544E-001;-5.906105E-003
12894000;-1.874340E-001;-2.003544E-001;-5.650520E-003
12906000;-1.874003E-001;-2.003544E-001;-5.390912E-003
12918000;-1.873834E-001;-2.003544E-001;-5.163640E-003
12931000;-1.873834E-001;-2.003544E-001;-4.940450E-003
12943000;-1.873665E-001;-2.003544E-001;-4.673064E-003
12954000;-1.873497E-001;-2.003544E-001;-4.422158E-003
12968000;-1.873328E-001;-2.003544E-001;-4.148632E-003
12983000;-1.873159E-001;-2.003544E-001;-3.901660E-003
12996000;-1.872822E-001;-2.003544E-001;-3.668368E-003
13008000;-1.872484E-001;-2.003544E-001;-3.468603E-003
13019000;-1.872315E-001;-2.003544E-001;-3.257096E-003
13031000;-1.872147E-001;-2.003544E-001;-2.994657E-003
13045000;-1.871978E-001;-2.003544E-001;-2.749115E-003
13057000;-1.871809E-001;-2.003544E-001;-2.536714E-003
13069000;-1.871641E-001;-2.003544E-001;-2.275139E-003
13083000;-1.871472E-001;-2.003544E-001;-1.965553E-003
13097000;-1.871134E-001;-2.003544E-001;-1.656353E-003
13110000;-1.870797E-001;-2.003544E-001;-1.422286E-003
13124000;-1.870797E-001;-2.003544E-001;-1.164973E-003
13136000;-1.870459E-001;-2.003544E-001;-9.011030E-004
13148000;-1.870122E-001;-2.003544E-001;-6.729662E-004
13160000;-1.869784E-001;-2.003544E-001;-4.661679E-004
13173000;-1.869447E-001;-2.003544E-001;-2.927780E-004
13185000;-1.868941E-001;-2.003544E-001;-1.440942E-004
13198000;-1.868603E-001;-2.003544E-001;-2.279878E-005
13209000;-1.868097E-001;-2.003544E-001;1.001358E-005
13222000;-1.867253E-001;-2.003544E-001;-3.644824E-005
13234000;-1.866241E-001;-2.003544E-001;-1.992881E-004
13246000;-1.865060E-001;-2.003544E-001;-5.663931E-004
13258000;-1.876196E-001;1.996457E-001;-8.631945E-004
13271000;-1.984189E-001;1.996457E-001;3.837824E-003
13282000;-2.079188E-001;1.996457E-001;1.760492E-002
13293000;-2.158495E-001;1.996457E-001;3.670406E-002
13305000;-2.221265E-001;1.996457E-001;6.360868E-002
13317000;-2.257713E-001;1.996457E-001;9.523013E-002
13329000;-2.265812E-001;1.996457E-001;1.263456E-001
13342000;-2.261425E-001;1.996457E-001;1.551252E-001
13354000;-2.251469E-001;1.996457E-001;1.762666E-001
13366000;-2.237971E-001;1.996457E-001;1.922891E-001
13378000;-2.222615E-001;1.996457E-001;2.045218E-001
13391000;-2.208273E-001;1.996457E-001;2.121537E-001
13405000;-2.194605E-001;1.996457E-001;2.160091E-001
13418000;-2.180431E-001;1.996457E-001;2.175277E-001
13430000;-2.165413E-001;1.996457E-001;2.185912E-001
13443000;-2.146008E-001;1.996457E-001;2.193712E-001
13455000;-2.124241E-001;1.996457E-001;2.189208E-001
13468000;-2.100112E-001;1.996457E-001;2.172961E-001
13481000;-2.071257E-001;1.996457E-001;2.148821E-001
13493000;-2.043922E-001;1.996457E-001;2.123747E-001
13505000;-2.015236E-001;1.996457E-001;2.095927E-001
13517000;-1.982839E-001;1.996457E-001;2.064326E-001
13529000;-1.947741E-001;1.996457E-001;2.027138E-001
13542000;-1.907582E-001;1.996457E-001;1.980996E-001
13554000;-1.868434E-001;1.996457E-001;1.934520E-001
13567000;-1.823719E-001;1.996457E-001;1.880143E-001
13580000;-1.777654E-001;1.996457E-001;1.822295E-001
13593000;-1.731926E-001;1.996457E-001;1.760296E-001
13605000;-1.684342E-001;1.996457E-001;1.701911E-001
13617000;-1.638782E-001;1.996457E-001;1.643660E-001
13629000;-1.590861E-001;1.996457E-001;1.583925E-001
13641000;-1.541927E-001;1.996457E-001;1.517532E-001
13655000;-1.484387E-001;1.996457E-001;1.447340E-001
13668000;-1.434778E-001;1.996457E-001;1.388761E-001
13681000;-1.375045E-001;1.996457E-001;1.317223E-001
13694000;-1.318349E-001;1.996457E-001;1.254413E-001
13706000;-1.264522E-001;1.996457E-001;1.188295E-001
13718000;-1.209344E-001;1.996457E-001;1.131302E-001
13730000;-1.154673E-001;1.996457E-001;1.068938E-001
13742000;-1.098990E-001;1.996457E-001;1.009195E-001
13754000;-1.043644E-001;1.996457E-001;9.516895E-002
13766000;-9.872853E-002;1.996457E-001;8.897129E-002
13780000;-9.238399E-002;1.996457E-001;8.282599E-002
13792000;-8.661316E-002;1.996457E-001;7.722250E-002
13804000;-8.033610E-002;1.996457E-001;7.109374E-002
13817000;-7.464964E-002;1.996457E-001;6.542483E-002
13830000;-6.818698E-002;1.996457E-001;5.963218E-002
13842000;-6.170744E-002;1.996457E-001;5.446482E-002
13855000;-5.536290E-002;1.996457E-001;4.835013E-002
13869000;-4.878212E-002;1.996457E-001;4.267010E-002
13882000;-4.311253E-002;1.996457E-001;3.736392E-002
13894000;-3.730794E-002;1.996457E-001;3.326601E-002
13907000;-3.054155E-002;1.996457E-001;2.926832E-002
13919000;-2.463573E-002;1.996457E-001;2.478001E-002
13932000;-1.845992E-002;1.996457E-001;2.022716E-002
13945000;-1.223349E-002;1.996457E-001;1.518908E-002
13958000;-5.888953E-003;1.996457E-001;1.134798E-002
13971000;5.568340E-004;1.996457E-001;6.725490E-003
13984000;6.901381E-003;1.996457E-001;2.018660E-003
13997000;1.295907E-002;1.996457E-001;-2.401620E-003
14009000;1.847680E-002;1.996457E-001;-6.643057E-003
14021000;2.387641E-002;1.996457E-001;-9.689033E-003
14033000;2.944476E-002;1.996457E-001;-1.274598E-002
14045000;3.487812E-002;1.996457E-001;-1.599765E-002
14058000;4.064895E-002;1.996457E-001;-1.887751E-002
14071000;4.623418E-002;1.996457E-001;-2.181594E-002
14084000;5.193752E-002;1.996457E-001;-2.440567E-002
14097000;5.730338E-002;1.996457E-001;-2.693364E-002
14110000;6.298985E-002;1.996457E-001;-2.960987E-002
14123000;6.877756E-002;1.996457E-001;-3.228530E-002
14135000;7.380595E-002;1.996457E-001;-3.466469E-002
14148000;7.932367E-002;1.996457E-001;-3.689912E-002
14160000;8.457143E-002;1.996457E-001;-3.924994E-002
14172000;9.015665E-002;1.996457E-001;-4.181129E-002
14185000;9.516817E-002;1.996457E-001;-4.416865E-002
14197000;1.000109E-001;1.996457E-001;-4.630549E-002
14209000;1.047187E-001;1.996457E-001;-4.812272E-002
14221000;1.098990E-001;1.996457E-001;-4.980648E-002
14233000;1.146405E-001;1.996457E-001;-5.154333E-002
14245000;1.193820E-001;1.996457E-001;-5.328658E-002
14258000;1.239886E-001;1.996457E-001;-5.512428E-002
14270000;1.288482E-001;1.996457E-001;-5.666986E-002
14282000;1.332523E-001;1.996457E-001;-5.817644E-002
14295000;1.377070E-001;1.996457E-001;-5.969837E-002
14307000;1.420435E-001;1.996457E-001;-6.110154E-002
14319000;1.468019E-001;1.996457E-001;-6.222494E-002
14332000;1.511385E-001;1.996457E-001;-6.353417E-002
14344000;1.557113E-001;1.996457E-001;-6.519441E-002
14357000;1.601322E-001;1.996457E-001;-6.672715E-002
14370000;1.644688E-001;1.996457E-001;-6.809393E-002
14382000;1.683666E-001;1.996457E-001;-6.940794E-002
14395000;1.725345E-001;1.996457E-001;-7.042222E-002
14408000;1.767023E-001;1.996457E-001;-7.133213E-002
14420000;1.805158E-001;1.996457E-001;-7.233247E-002
14432000;1.842111E-001;1.996457E-001;-7.317673E-002
14444000;1.878221E-001;1.996457E-001;-7.396610E-002
14456000;1.914162E-001;1.996457E-001;-7.492679E-002
14468000;1.948585E-001;1.996457E-001;-7.581240E-002
14480000;1.981320E-001;1.996457E-001;-7.661159E-002
14493000;2.013887E-001;1.996457E-001;-7.714055E-002
14505000;2.046959E-001;1.996457E-001;-7.766505E-002
14518000;2.081888E-001;1.996457E-001;-7.824889E-002
14530000;2.114960E-001;1.996457E-001;-7.870653E-002
14543000;2.145502E-001;1.996457E-001;-7.917979E-002
14555000;2.174525E-001;1.996457E-001;-7.967660E-002
14567000;2.201692E-001;1.996457E-001;-8.005758E-002
14579000;2.227340E-001;1.996457E-001;-8.016641E-002
14591000;2.252482E-001;1.996457E-001;-8.008996E-002
14603000;2.278299E-001;1.996457E-001;-7.990390E-002
14615000;2.302597E-001;1.996457E-001;-7.974160E-002
14628000;2.325546E-001;1.996457E-001;-7.957694E-002
14640000;2.347313E-001;1.996457E-001;-7.919119E-002
14652000;2.368742E-001;1.996457E-001;-7.853289E-002
14664000;2.391184E-001;1.996457E-001;-7.773204E-002
14676000;2.411433E-001;1.996457E-001;-7.698815E-002
14688000;2.431175E-001;1.996457E-001;-7.646066E-002
14700000;2.449737E-001;1.996457E-001;-7.610998E-002
14713000;2.467285E-001;1.996457E-001;-7.554486E-002
14725000;2.483653E-001;1.996457E-001;-7.487828E-002
14737000;2.501370E-001;1.996457E-001;-7.426827E-002
14750000;2.518244E-001;1.996457E-001;-7.361044E-002
14763000;2.533599E-001;1.996457E-001;-7.305577E-002
14776000;2.548448E-001;1.996457E-001;-7.237430E-002
14788000;2.560091E-001;1.996457E-001;-7.147847E-002
14800000;2.572578E-001;1.996457E-001;-7.051289E-002
14813000;2.584727E-001;1.996457E-001;-6.965160E-002
14825000;2.595526E-001;1.996457E-001;-6.869705E-002
14837000;2.605144E-001;1.996457E-001;-6.773536E-002
14850000;2.613918E-001;1.996457E-001;-6.672052E-002
14862000;2.622524E-001;1.996457E-001;-6.565601E-002
14875000;2.631467E-001;1.996457E-001;-6.456456E-002
14887000;2.639229E-001;1.996457E-001;-6.337555E-002
14899000;2.645472E-001;1.996457E-001;-6.229945E-002
14912000;2.651716E-001;1.996457E-001;-6.114063E-002
14926000;2.657453E-001;1.996457E-001;-5.985789E-002
14939000;2.662684E-001;1.996457E-001;-5.863632E-002
14951000;2.667577E-001;1.996457E-001;-5.745205E-002
14964000;2.671458E-001;1.996457E-001;-5.639291E-002
14976000;2.675170E-001;1.996457E-001;-5.539690E-002
14988000;2.677364E-001;1.996457E-001;-5.442825E-002
15001000;2.678882E-001;1.996457E-001;-5.334486E-002
15013000;2.679558E-001;1.996457E-001;-5.222245E-002
15026000;2.680064E-001;1.996457E-001;-5.080566E-002
15039000;2.680064E-001;1.996457E-001;-4.974079E-002
15051000;2.679895E-001;1.996457E-001;-4.869162E-002
15063000;2.679895E-001;1.996457E-001;-4.786173E-002
15075000;2.679389E-001;1.996457E-001;-4.735236E-002
15088000;2.678545E-001;1.996457E-001;-4.696751E-002
15100000;2.677195E-001;1.996457E-001;-4.668774E-002
15112000;2.675170E-001;1.996457E-001;-4.640605E-002
15125000;2.672471E-001;1.996457E-001;-4.601489E-002
15137000;2.669096E-001;1.996457E-001;-4.553051E-002
15149000;2.664709E-001;1.996457E-001;-4.490814E-002
15161000;2.660321E-001;1.996457E-001;-4.421967E-002
15174000;2.655091E-001;1.996457E-001;-4.349837E-002
15185000;2.650197E-001;1.996457E-001;-4.265317E-002
15198000;2.644798E-001;1.996457E-001;-4.166648E-002
15211000;2.638723E-001;1.996457E-001;-4.059181E-002
15223000;2.632311E-001;1.996457E-001;-3.953087E-002
15235000;2.624718E-001;1.996457E-001;-3.844154E-002
15247000;2.618137E-001;1.996457E-001;-3.732914E-002
15259000;2.610375E-001;1.996457E-001;-3.620222E-002
15272000;2.602444E-001;1.996457E-001;-3.480236E-002
15285000;2.594851E-001;1.996457E-001;-3.360340E-002
15296000;2.587258E-001;1.996457E-001;-3.264464E-002
15308000;2.579159E-001;1.996457E-001;-3.174774E-002
15320000;2.571228E-001;1.996457E-001;-3.076206E-002
15333000;2.562285E-001;1.996457E-001;-2.955578E-002
15344000;2.554691E-001;1.996457E-001;-2.852830E-002
15357000;2.546086E-001;1.996457E-001;-2.747867E-002
15370000;2.536637E-001;1.996457E-001;-2.632143E-002
15382000;2.526850E-001;1.996457E-001;-2.509426E-002
15394000;2.518413E-001;1.996457E-001;-2.393651E-002
15407000;2.509470E-001;1.996457E-001;-2.292080E-002
15419000;2.500527E-001;1.996457E-001;-2.190834E-002
15431000;2.491583E-001;1.996457E-001;-2.084669E-002
15443000;2.481797E-001;1.996457E-001;-1.974688E-002
15455000;2.473697E-001;1.996457E-001;-1.892057E-002
15467000;2.464754E-001;1.996457E-001;-1.788020E-002
15478000;2.455811E-001;1.996457E-001;-1.688835E-002
15491000;2.447037E-001;1.996457E-001;-1.578504E-002
15503000;2.437587E-001;1.996457E-001;-1.500729E-002
15516000;2.429319E-001;1.996457E-001;-1.435629E-002
15528000;2.420376E-001;1.996457E-001;-1.378050E-002
15541000;2.411771E-001;1.996457E-001;-1.308316E-002
15553000;2.402658E-001;1.996457E-001;-1.237777E-002
15565000;2.393041E-001;1.996457E-001;-1.164514E-002
15577000;2.384266E-001;1.996457E-001;-1.088050E-002
15589000;2.375323E-001;1.996457E-001;-1.001114E-002
15601000;2.366043E-001;1.996457E-001;-9.136677E-003
15613000;2.355918E-001;1.996457E-001;-8.339614E-003
15626000;2.346975E-001;1.996457E-001;-7.684588E-003
15639000;2.338032E-001;1.996457E-001;-7.051200E-003
15651000;2.328920E-001;1.996457E-001;-6.363094E-003
15664000;2.318796E-001;1.996457E-001;-5.781889E-003
15676000;2.309009E-001;1.996457E-001;-5.260676E-003
15688000;2.300235E-001;1.996457E-001;-4.728615E-003
15700000;2.291292E-001;1.996457E-001;-4.207999E-003
15712000;2.282349E-001;1.996457E-001;-3.851116E-003
15724000;2.273574E-001;1.996457E-001;-3.689528E-003
15737000;2.264462E-001;1.996457E-001;-3.492206E-003
15750000;2.254676E-001;1.996457E-001;-3.051907E-003
15762000;2.245564E-001;1.996457E-001;-2.554655E-003
15775000;2.236283E-001;1.996457E-001;-2.039880E-003
15787000;2.226665E-001;1.996457E-001;-1.482725E-003
15800000;2.217891E-001;1.996457E-001;-7.286370E-004
15813000;2.207091E-001;1.996457E-001;-4.789233E-005
15825000;2.197642E-001;1.996457E-001;3.415048E-004
15838000;2.187518E-001;1.996457E-001;8.490980E-004
15851000;2.177731E-001;1.996457E-001;1.368880E-003
15864000;2.168451E-001;1.996457E-001;1.883388E-003
15877000;2.157989E-001;1.996457E-001;2.396047E-003
15889000;2.148371E-001;1.996457E-001;2.787709E-003
15901000;2.139428E-001;1.996457E-001;3.255188E-003
15914000;2.129472E-001;1.996457E-001;3.684610E-003
15927000;2.119010E-001;1.996457E-001;4.005045E-003
15939000;2.110405E-001;1.996457E-001;4.408062E-003
15952000;2.100618E-001;1.996457E-001;5.150378E-003
15964000;2.091337E-001;1.996457E-001;5.866885E-003
15976000;2.081044E-001;1.996457E-001;6.499708E-003
15988000;2.070920E-001;1.996457E-001;7.180482E-003
16001000;2.061133E-001;1.996457E-001;7.963210E-003
16014000;2.051853E-001;1.996457E-001;8.573025E-003
16027000;2.041897E-001;1.996457E-001;8.992612E-003
16039000;2.032110E-001;1.996457E-001;9.411335E-003
16052000;2.023674E-001;1.996457E-001;9.827852E-003
16065000;2.014730E-001;1.996457E-001;1.021695E-002
16077000;2.005618E-001;1.996457E-001;1.052439E-002
16089000;1.998363E-001;1.996457E-001;1.078197E-002
16100000;1.990601E-001;1.996457E-001;1.106405E-002
16112000;1.983345E-001;1.996457E-001;1.132962E-002
16124000;1.976427E-001;1.996457E-001;1.160589E-002
16139000;1.968159E-001;1.996457E-001;1.175115E-002
16152000;1.959890E-001;1.996457E-001;1.189587E-002
16164000;1.952297E-001;1.996457E-001;1.219860E-002
16176000;1.945379E-001;1.996457E-001;1.263195E-002
16189000;1.939473E-001;1.996457E-001;1.295066E-002
16201000;1.933230E-001;1.996457E-001;1.308033E-002
16213000;1.926649E-001;1.996457E-001;1.326948E-002
16226000;1.919056E-001;1.996457E-001;1.361993E-002
16239000;1.912475E-001;1.996457E-001;1.386598E-002
16251000;1.906907E-001;1.996457E-001;1.381519E-002
16264000;1.901001E-001;1.996457E-001;1.381734E-002
16277000;1.895095E-001;1.996457E-001;1.390502E-002
16290000;1.889358E-001;1.996457E-001;1.387709E-002
16303000;1.883958E-001;1.996457E-001;1.372790E-002
16315000;1.879234E-001;1.996457E-001;1.358026E-002
16327000;1.874847E-001;1.996457E-001;1.348102E-002
16339000;1.870797E-001;1.996457E-001;1.332971E-002
16351000;1.867422E-001;1.996457E-001;1.307550E-002
16362000;1.863710E-001;1.996457E-001;1.288754E-002
16375000;1.859998E-001;1.996457E-001;1.277998E-002
16388000;1.856285E-001;1.996457E-001;1.260054E-002
16401000;1.852742E-001;1.996457E-001;1.240820E-002
16413000;1.849198E-001;1.996457E-001;1.228121E-002
16426000;1.845993E-001;1.996457E-001;1.208901E-002
16438000;1.842786E-001;1.996457E-001;1.194686E-002
16451000;1.839918E-001;1.996457E-001;1.181307E-002
16463000;1.837049E-001;1.996457E-001;1.167452E-002
16476000;1.834687E-001;1.996457E-001;1.161215E-002
16488000;1.832156E-001;1.996457E-001;1.153693E-002
16501000;1.830300E-001;1.996457E-001;1.131329E-002
16513000;1.828275E-001;1.996457E-001;1.106930E-002
16525000;1.826587E-001;1.996457E-001;1.088846E-002
16537000;1.825238E-001;1.996457E-001;1.071161E-002
16550000;1.823550E-001;1.996457E-001;1.049158E-002
16561000;1.822369E-001;1.996457E-001;1.022407E-002
16573000;1.821188E-001;1.996457E-001;9.947836E-003
16585000;1.820175E-001;1.996457E-001;9.685099E-003
16597000;1.818994E-001;1.996457E-001;9.414226E-003
16610000;1.818150E-001;1.996457E-001;9.174466E-003
16622000;1.817476E-001;1.996457E-001;8.873403E-003
16636000;1.816801E-001;1.996457E-001;8.552849E-003
16650000;1.815957E-001;1.996457E-001;8.244604E-003
16662000;1.815620E-001;1.996457E-001;8.008033E-003
16675000;1.815282E-001;1.996457E-001;7.752329E-003
16687000;1.814945E-001;1.996457E-001;7.524729E-003
16699000;1.814776E-001;1.996457E-001;7.264853E-003
16711000;1.814607E-001;1.996457E-001;7.041782E-003
16723000;1.814607E-001;1.996457E-001;6.837517E-003
16736000;1.814607E-001;1.996457E-001;6.637335E-003
16748000;1.814607E-001;1.996457E-001;6.464273E-003
16760000;1.814776E-001;1.996457E-001;6.323367E-003
16771000;1.814776E-001;1.996457E-001;6.205648E-003
16784000;1.814776E-001;1.996457E-001;6.164700E-003
16796000;1.814776E-001;1.996457E-001;6.148517E-003
16808000;1.814607E-001;1.996457E-001;6.161153E-003
16820000;1.814776E-001;1.996457E-001;6.251693E-003
16832000;1.814776E-001;1.996457E-001;6.321818E-003
16844000;1.814776E-001;1.996457E-001;6.486088E-003
16856000;1.814945E-001;1.996457E-001;6.667882E-003
16869000;1.815113E-001;1.996457E-001;6.853044E-003
16881000;1.815113E-001;1.996457E-001;7.113546E-003
16893000;1.815113E-001;1.996457E-001;7.381529E-003
16905000;1.815282E-001;1.996457E-001;7.656902E-003
16918000;1.815451E-001;1.996457E-001;7.946193E-003
16931000;1.815451E-001;1.996457E-001;8.273304E-003
16943000;1.815620E-001;1.996457E-001;8.619517E-003
16956000;1.815957E-001;1.996457E-001;8.990914E-003
16968000;1.816463E-001;1.996457E-001;9.334862E-003
16981000;1.816632E-001;1.996457E-001;9.728342E-003
16992000;1.816970E-001;1.996457E-001;1.012748E-002
17005000;1.817644E-001;1.996457E-001;1.049837E-002
17017000;1.818150E-001;1.996457E-001;1.080790E-002
17029000;1.818826E-001;1.996457E-001;1.113990E-002
17041000;1.819501E-001;1.996457E-001;1.141092E-002
17054000;1.820682E-001;1.996457E-001;1.153776E-002
17066000;1.821863E-001;1.996457E-001;1.159367E-002
17078000;1.823213E-001;1.996457E-001;1.154029E-002
17090000;1.824731E-001;1.996457E-001;1.132715E-002
17103000;1.826081E-001;1.996457E-001;1.109788E-002
17115000;1.827431E-001;1.996457E-001;1.094306E-002
17127000;1.828781E-001;1.996457E-001;1.080602E-002
17140000;1.829962E-001;1.996457E-001;1.069671E-002
17153000;1.831481E-001;1.996457E-001;1.062256E-002
17165000;1.832662E-001;1.996457E-001;1.056874E-002
17178000;1.834349E-001;1.996457E-001;1.047793E-002
17191000;1.835531E-001;1.996457E-001;1.040670E-002
17203000;1.836880E-001;1.996457E-001;1.033586E-002
17215000;1.838230E-001;1.996457E-001;1.024106E-002
17227000;1.839580E-001;1.996457E-001;1.012638E-002
17239000;1.840761E-001;1.996457E-001;1.002693E-002
17252000;1.842280E-001;1.996457E-001;9.929210E-003
17264000;1.843799E-001;1.996457E-001;9.807706E-003
17277000;1.845149E-001;1.996457E-001;9.632111E-003
17290000;1.846499E-001;1.996457E-001;9.485781E-003
17302000;1.847848E-001;1.996457E-001;9.335876E-003
17315000;1.849367E-001;1.996457E-001;9.146392E-003
17327000;1.850548E-001;1.996457E-001;8.983076E-003
17340000;1.851729E-001;1.996457E-001;8.846283E-003
17352000;1.853079E-001;1.996457E-001;8.750081E-003
17365000;1.854092E-001;1.996457E-001;8.602679E-003
17377000;1.855104E-001;1.996457E-001;8.510679E-003
17389000;1.856117E-001;1.996457E-001;8.450061E-003
17401000;1.856960E-001;1.996457E-001;8.354187E-003
17414000;1.857973E-001;1.996457E-001;8.272529E-003
17427000;1.858648E-001;1.996457E-001;8.208483E-003
17440000;1.859660E-001;1.996457E-001;8.197069E-003
17452000;1.860335E-001;1.996457E-001;8.185923E-003
17464000;1.861179E-001;1.996457E-001;8.118093E-003
17476000;1.861854E-001;1.996457E-001;8.040547E-003
17491000;1.862529E-001;1.996457E-001;7.996261E-003
17504000;1.863204E-001;1.996457E-001;8.013278E-003
17517000;1.863879E-001;1.996457E-001;8.031815E-003
17530000;1.864554E-001;1.996457E-001;7.985443E-003
17542000;1.864891E-001;1.996457E-001;7.941604E-003
17555000;1.865397E-001;1.996457E-001;7.960141E-003
17567000;1.865735E-001;1.996457E-001;7.998914E-003
17579000;1.866241E-001;1.996457E-001;7.981211E-003
17593000;1.866747E-001;1.996457E-001;7.977813E-003
17606000;1.866916E-001;1.996457E-001;7.988840E-003
17619000;1.867422E-001;1.996457E-001;8.053601E-003
17633000;1.867591E-001;1.996457E-001;8.106083E-003
17645000;1.867928E-001;1.996457E-001;8.108616E-003
17657000;1.868097E-001;1.996457E-001;8.171022E-003
17669000;1.868435E-001;1.996457E-001;8.211553E-003
17682000;1.868603E-001;1.996457E-001;8.236647E-003
17694000;1.869110E-001;1.996457E-001;8.281261E-003
17706000;1.869110E-001;1.996457E-001;8.292884E-003
17719000;1.869278E-001;1.996457E-001;8.334726E-003
17731000;1.869447E-001;1.996457E-001;8.387595E-003
17743000;1.869447E-001;1.996457E-001;8.462161E-003
17755000;1.869616E-001;1.996457E-001;8.496881E-003
17767000;1.869953E-001;1.996457E-001;8.557677E-003
17781000;1.870122E-001;1.996457E-001;8.618176E-003
17794000;1.870291E-001;1.996457E-001;8.636713E-003
17807000;1.870291E-001;1.996457E-001;8.660614E-003
17818000;1.870291E-001;1.996457E-001;8.720785E-003
17830000;1.870628E-001;1.996457E-001;8.736134E-003
17843000;1.870797E-001;1.996457E-001;8.764476E-003
17855000;1.870797E-001;1.996457E-001;8.780479E-003
17867000;1.871134E-001;1.996457E-001;8.846819E-003
17879000;1.871303E-001;1.996457E-001;8.919418E-003
17891000;1.871303E-001;1.996457E-001;8.920342E-003
17904000;1.871472E-001;1.996457E-001;8.948982E-003
17917000;1.871641E-001;1.996457E-001;8.987397E-003
17929000;1.871809E-001;1.996457E-001;9.014696E-003
17941000;1.872147E-001;1.996457E-001;9.027749E-003
17954000;1.872484E-001;1.996457E-001;9.084225E-003
17967000;1.872484E-001;1.996457E-001;9.071678E-003
17978000;1.872822E-001;1.996457E-001;9.060323E-003
17991000;1.872822E-001;1.996457E-001;9.030670E-003
18002000;1.873328E-001;1.996457E-001;9.052217E-003
18014000;1.873497E-001;1.996457E-001;9.065807E-003
18027000;1.873665E-001;1.996457E-001;9.050310E-003
18039000;1.873834E-001;1.996457E-001;9.035558E-003
18052000;1.874172E-001;1.996457E-001;9.016544E-003
18064000;1.874340E-001;1.996457E-001;8.998573E-003
18077000;1.874847E-001;1.996457E-001;9.000152E-003
18090000;1.875184E-001;1.996457E-001;8.921057E-003
18102000;1.875522E-001;1.996457E-001;8.863032E-003
18116000;1.876028E-001;1.996457E-001;8.830756E-003
18128000;1.876365E-001;1.996457E-001;8.775532E-003
18140000;1.876703E-001;1.996457E-001;8.692235E-003
18151000;1.877209E-001;1.996457E-001;8.606613E-003
18162000;1.877378E-001;1.996457E-001;8.524805E-003
18175000;1.877884E-001;1.996457E-001;8.478224E-003
18187000;1.878053E-001;1.996457E-001;8.443207E-003
18199000;1.878728E-001;1.996457E-001;8.357942E-003
18212000;1.878896E-001;1.996457E-001;8.249521E-003
18224000;1.879234E-001;1.996457E-001;8.202285E-003
18236000;1.879571E-001;1.996457E-001;8.193225E-003
18249000;1.879740E-001;1.996457E-001;8.184493E-003
18261000;1.880415E-001;1.996457E-001;8.148938E-003
18274000;1.880415E-001;1.996457E-001;8.076370E-003
18286000;1.880584E-001;1.996457E-001;8.054584E-003
18298000;1.880921E-001;1.996457E-001;8.076996E-003
18310000;1.881258E-001;1.996457E-001;8.089304E-003
18323000;1.881596E-001;1.996457E-001;8.056581E-003
18335000;1.881596E-001;1.996457E-001;8.083522E-003
18349000;1.881934E-001;1.996457E-001;8.068234E-003
18361000;1.882102E-001;1.996457E-001;8.021802E-003
18373000;1.882271E-001;1.996457E-001;8.031815E-003
18385000;1.882608E-001;1.996457E-001;8.078367E-003
18398000;1.882946E-001;1.996457E-001;8.081943E-003
18411000;1.883115E-001;1.996457E-001;8.053750E-003
18423000;1.883283E-001;1.996457E-001;8.078605E-003
18436000;1.883283E-001;1.996457E-001;8.102268E-003
18448000;1.883621E-001;1.996457E-001;8.089632E-003
18461000;1.883790E-001;1.996457E-001;8.106261E-003
18474000;1.883958E-001;1.996457E-001;8.180350E-003
18486000;1.884296E-001;1.996457E-001;8.186132E-003
18498000;1.884296E-001;1.996457E-001;8.177847E-003
18511000;1.884465E-001;1.996457E-001;8.178174E-003
18523000;1.884465E-001;1.996457E-001;8.188874E-003
18536000;1.884633E-001;1.996457E-001;8.251488E-003
18547000;1.884802E-001;1.996457E-001;8.287579E-003
18560000;1.884971E-001;1.996457E-001;8.322150E-003
18572000;1.885308E-001;1.996457E-001;8.390963E-003
18584000;1.885477E-001;1.996457E-001;8.417577E-003
18596000;1.885646E-001;1.996457E-001;8.405805E-003
18608000;1.885815E-001;1.996457E-001;8.452594E-003
18620000;1.885983E-001;1.996457E-001;8.493572E-003
18633000;1.886321E-001;1.996457E-001;8.515924E-003
18645000;1.886489E-001;1.996457E-001;8.510500E-003
18657000;1.886658E-001;1.996457E-001;8.523703E-003
18669000;1.886827E-001;1.996457E-001;8.510798E-003
18681000;1.886827E-001;1.996457E-001;8.565813E-003
18694000;1.887164E-001;1.996457E-001;8.599401E-003
18707000;1.887502E-001;1.996457E-001;8.615196E-003
18719000;1.887671E-001;1.996457E-001;8.611858E-003
18731000;1.887839E-001;1.996457E-001;8.623332E-003
18744000;1.888008E-001;1.996457E-001;8.621335E-003
18756000;1.888346E-001;1.996457E-001;8.653671E-003
18769000;1.888514E-001;1.996457E-001;8.682489E-003
18782000;1.889020E-001;1.996457E-001;8.667469E-003
18793000;1.889021E-001;1.996457E-001;8.654296E-003
18806000;1.889358E-001;1.996457E-001;8.662999E-003
18819000;1.889696E-001;1.996457E-001;8.649468E-003
18831000;1.890033E-001;1.996457E-001;8.612841E-003
18843000;1.890539E-001;1.996457E-001;8.599967E-003
18855000;1.890708E-001;1.996457E-001;8.565247E-003
18868000;1.891045E-001;1.996457E-001;8.542597E-003
18881000;1.891214E-001;1.996457E-001;8.506715E-003
18893000;1.891551E-001;1.996457E-001;8.483589E-003
18906000;1.891889E-001;1.996457E-001;8.518219E-003
18918000;1.892227E-001;1.996457E-001;8.509219E-003
18931000;1.892564E-001;1.996457E-001;8.478284E-003
18943000;1.892901E-001;1.996457E-001;8.463174E-003
18956000;1.893070E-001;1.996457E-001;8.470833E-003
18970000;1.893408E-001;1.996457E-001;8.435607E-003
18983000;1.893745E-001;1.996457E-001;8.455217E-003
18996000;1.893745E-001;1.996457E-001;8.473128E-003
19008000;1.894083E-001;1.996457E-001;8.475065E-003
19021000;1.894420E-001;1.996457E-001;8.475125E-003
19033000;1.894758E-001;1.996457E-001;8.511931E-003
19045000;1.894758E-001;1.996457E-001;8.558154E-003
19058000;1.895264E-001;1.996457E-001;8.546561E-003
19071000;1.895432E-001;1.996457E-001;8.553833E-003
19084000;1.895432E-001;1.996457E-001;8.588344E-003
19096000;1.895601E-001;1.996457E-001;8.618534E-003
19109000;1.895601E-001;1.996457E-001;8.639216E-003
19121000;1.896107E-001;1.996457E-001;8.667022E-003
19134000;1.896107E-001;1.996457E-001;8.691907E-003
19147000;1.896107E-001;1.996457E-001;8.697361E-003
19160000;1.896614E-001;1.996457E-001;8.758008E-003
19173000;1.896783E-001;1.996457E-001;8.790463E-003
19186000;1.896951E-001;1.996457E-001;8.780479E-003
19199000;1.897120E-001;1.996457E-001;8.831739E-003
19211000;1.897120E-001;1.996457E-001;8.872747E-003
19223000;1.897457E-001;1.996457E-001;8.903950E-003
19235000;1.897795E-001;1.996457E-001;8.921474E-003
19248000;1.897964E-001;1.996457E-001;8.958489E-003
19261000;1.898301E-001;1.996457E-001;8.969426E-003
19273000;1.898470E-001;1.996457E-001;8.971125E-003
19285000;1.898470E-001;1.996457E-001;8.998275E-003
19297000;1.898807E-001;1.996457E-001;9.035468E-003
19309000;1.899145E-001;1.996457E-001;9.029984E-003
19323000;1.899145E-001;1.996457E-001;9.034872E-003
19335000;1.899820E-001;1.996457E-001;9.019375E-003
19347000;1.899989E-001;1.996457E-001;9.000182E-003
19360000;1.899989E-001;1.996457E-001;8.981615E-003
19372000;1.900157E-001;1.996457E-001;9.000689E-003
19384000;1.900326E-001;1.996457E-001;9.047717E-003
19396000;1.900495E-001;1.996457E-001;9.058654E-003
19408000;1.900832E-001;1.996457E-001;9.025335E-003
19420000;1.900832E-001;1.996457E-001;9.013236E-003
19432000;1.901170E-001;1.996457E-001;8.985519E-003
19444000;1.901170E-001;1.996457E-001;8.989424E-003
19457000;1.901507E-001;1.996457E-001;9.023279E-003
19470000;1.901845E-001;1.996457E-001;9.024024E-003
19483000;1.902182E-001;1.996457E-001;8.991748E-003
19495000;1.902351E-001;1.996457E-001;8.970588E-003
19508000;1.902351E-001;1.996457E-001;8.987337E-003
19521000;1.902688E-001;1.996457E-001;8.971244E-003
19534000;1.902857E-001;1.996457E-001;8.999437E-003
19547000;1.903026E-001;1.996457E-001;8.982331E-003
19560000;1.903363E-001;1.996457E-001;8.986533E-003
19572000;1.903701E-001;1.996457E-001;8.983523E-003
19584000;1.903701E-001;1.996457E-001;8.948505E-003
19595000;1.903869E-001;1.996457E-001;8.985549E-003
19607000;1.903869E-001;1.996457E-001;8.996546E-003
19619000;1.904207E-001;1.996457E-001;8.981735E-003
19631000;1.904376E-001;1.996457E-001;8.951217E-003
