Timestamp;target;measure
3000;3.454845E-001;-1.433387E-003
15000;3.454845E-001;-1.433387E-003
26000;3.454845E-001;-1.433387E-003
38000;3.454845E-001;-1.433387E-003
49000;3.454845E-001;-1.433387E-003
61000;3.454845E-001;-1.433387E-003
72000;3.454845E-001;-1.433387E-003
83000;3.454845E-001;-1.433387E-003
95000;3.454845E-001;-1.433387E-003
106000;3.454845E-001;-1.433387E-003
118000;3.454845E-001;-1.433387E-003
130000;3.454845E-001;-1.433387E-003
141000;3.454845E-001;-1.433387E-003
153000;3.454845E-001;-1.433387E-003
164000;3.454845E-001;-1.433387E-003
176000;3.454845E-001;-1.433387E-003
188000;3.454845E-001;-1.433387E-003
200000;3.454845E-001;-1.433387E-003
212000;3.454845E-001;-1.433387E-003
225000;3.454845E-001;-1.433387E-003
236000;3.454845E-001;-1.433387E-003
248000;3.454845E-001;-1.433387E-003
260000;3.454845E-001;-1.433387E-003
271000;3.454845E-001;-1.433387E-003
282000;3.454845E-001;-1.433387E-003
294000;3.454845E-001;-1.433387E-003
308000;3.454845E-001;-1.433387E-003
319000;3.454845E-001;-1.433387E-003
331000;3.454845E-001;-1.433387E-003
343000;3.454845E-001;-1.433387E-003
354000;3.454845E-001;-1.433387E-003
365000;3.454845E-001;-1.433387E-003
377000;3.454845E-001;-1.433387E-003
389000;3.454845E-001;-1.433387E-003
400000;3.454845E-001;-1.433387E-003
412000;3.454845E-001;-1.433387E-003
423000;3.454845E-001;-1.433387E-003
434000;3.454845E-001;-1.433387E-003
445000;3.454845E-001;-1.433387E-003
457000;3.454845E-001;-1.433387E-003
469000;3.454845E-001;-1.433387E-003
481000;3.454845E-001;-1.433387E-003
492000;3.454845E-001;-1.433387E-003
503000;3.454845E-001;-1.433387E-003
515000;3.454845E-001;-1.433387E-003
526000;3.454845E-001;-1.433387E-003
538000;3.454845E-001;-1.433387E-003
549000;3.454845E-001;-1.433387E-003
561000;3.454845E-001;-1.433387E-003
572000;3.454845E-001;-1.433387E-003
584000;3.454845E-001;-1.433387E-003
596000;3.454845E-001;-1.433387E-003
608000;3.454845E-001;-1.433387E-003
619000;3.454845E-001;-1.433387E-003
631000;3.454845E-001;-1.433387E-003
643000;3.454845E-001;-1.433387E-003
655000;3.454845E-001;-1.433387E-003
666000;3.454845E-001;-1.433387E-003
677000;3.454845E-001;-1.433387E-003
689000;3.454845E-001;-1.433387E-003
701000;3.454845E-001;-1.433387E-003
713000;3.454845E-001;-1.433387E-003
723000;3.454845E-001;-1.433387E-003
735000;3.454845E-001;-1.433387E-003
747000;3.454845E-001;-1.433387E-003
759000;3.454845E-001;-1.433387E-003
771000;3.454845E-001;-1.433387E-003
783000;3.454845E-001;-1.433387E-003
794000;3.454845E-001;-1.433387E-003
806000;3.454845E-001;-1.433387E-003
818000;3.454845E-001;-1.433387E-003
830000;3.454845E-001;-1.433387E-003
841000;3.454845E-001;-1.433387E-003
852000;3.454845E-001;-1.433387E-003
864000;3.454845E-001;-1.433387E-003
876000;3.454845E-001;-1.433387E-003
889000;3.454845E-001;-1.433387E-003
901000;3.454845E-001;-1.433387E-003
912000;3.454845E-001;-1.433387E-003
924000;3.454845E-001;-1.433387E-003
935000;3.454845E-001;-1.433387E-003
946000;3.454845E-001;-1.433387E-003
957000;3.454845E-001;-1.433387E-003
968000;3.454845E-001;-1.433387E-003
980000;3.454845E-001;-1.433387E-003
992000;3.454845E-001;-1.433387E-003
1003000;3.454845E-001;-1.433387E-003
1015000;3.454845E-001;-1.433387E-003
1027000;3.454845E-001;-1.433387E-003
1039000;3.454845E-001;-1.433387E-003
1051000;3.454845E-001;-1.433387E-003
1063000;3.454845E-001;-1.433387E-003
1075000;3.454845E-001;-1.433387E-003
1087000;3.454845E-001;-1.433387E-003
1099000;3.454845E-001;-1.433387E-003
1111000;3.454845E-001;-1.433387E-003
1123000;3.454845E-001;-1.433387E-003
1135000;3.454845E-001;-1.433387E-003
1146000;3.454845E-001;-1.433387E-003
1158000;3.454845E-001;-1.433387E-003
1170000;3.454845E-001;-1.433387E-003
1182000;3.454845E-001;-1.433387E-003
1193000;3.454845E-001;-1.433387E-003
1204000;3.454845E-001;-1.433387E-003
1216000;3.454845E-001;-1.433387E-003
1227000;3.454845E-001;-1.433387E-003
1238000;3.454845E-001;-1.433387E-003
1249000;3.454845E-001;-1.433387E-003
1260000;3.454845E-001;-1.433387E-003
1271000;3.454845E-001;-1.433387E-003
1282000;3.454845E-001;-1.433387E-003
1295000;3.454845E-001;-1.433387E-003
1307000;3.454845E-001;-1.433387E-003
1318000;3.454845E-001;-1.433387E-003
1330000;3.454845E-001;-1.433387E-003
1342000;3.454845E-001;-1.433387E-003
1354000;3.454845E-001;-1.433387E-003
1366000;3.454845E-001;-1.433387E-003
1376000;3.454845E-001;-1.433387E-003
1389000;3.454845E-001;-1.433387E-003
1400000;3.454845E-001;-1.433387E-003
1413000;3.454845E-001;-1.433387E-003
1424000;3.454845E-001;-1.433387E-003
1438000;3.454845E-001;-1.433387E-003
1449000;3.454845E-001;-1.433387E-003
1461000;3.454845E-001;-1.433387E-003
1472000;3.454845E-001;-1.433387E-003
1483000;3.454845E-001;-1.433387E-003
1495000;3.454845E-001;-1.433387E-003
1507000;3.454845E-001;-1.433387E-003
1518000;3.454845E-001;-1.433387E-003
1530000;3.454845E-001;-1.433387E-003
1541000;3.454845E-001;-1.433387E-003
1552000;3.454845E-001;-1.433387E-003
1564000;3.454845E-001;-1.433387E-003
1575000;3.454845E-001;-1.433387E-003
1587000;3.454845E-001;-1.433387E-003
1598000;3.454845E-001;-1.433387E-003
1610000;3.454845E-001;-1.433387E-003
1622000;3.454845E-001;-1.433387E-003
1633000;3.454845E-001;-1.433387E-003
1652000;3.454845E-001;-1.433387E-003
1664000;3.454845E-001;-1.433387E-003
1675000;3.454845E-001;-1.433387E-003
1687000;3.454845E-001;-1.433387E-003
1698000;3.454845E-001;-1.433387E-003
1711000;3.454845E-001;-1.433387E-003
1722000;3.454845E-001;-1.433387E-003
1735000;3.454845E-001;-1.433387E-003
1747000;3.454845E-001;-1.433387E-003
1759000;3.454845E-001;-1.433387E-003
1770000;3.454845E-001;-1.433387E-003
1782000;3.454845E-001;-1.433387E-003
1793000;3.454845E-001;-1.433387E-003
1804000;3.454845E-001;-1.433387E-003
1816000;3.454845E-001;-1.433387E-003
1827000;3.454845E-001;-1.433387E-003
1838000;3.454845E-001;-1.433387E-003
1849000;3.454845E-001;-1.433387E-003
1861000;3.454845E-001;-1.433387E-003
1873000;3.454845E-001;-1.433387E-003
1884000;3.454845E-001;-1.433387E-003
1895000;3.454845E-001;-1.433387E-003
1907000;3.454845E-001;-1.433387E-003
1918000;3.454845E-001;-1.433387E-003
1930000;3.454845E-001;-1.433387E-003
1941000;3.454845E-001;-1.433387E-003
1953000;3.454845E-001;-1.433387E-003
1964000;3.454845E-001;-1.433387E-003
1976000;3.454845E-001;-1.433387E-003
1989000;3.454845E-001;-1.433387E-003
2000000;3.454845E-001;-1.433387E-003
2012000;3.454845E-001;-1.433387E-003
2023000;3.454845E-001;-1.433387E-003
2034000;3.454845E-001;-1.433387E-003
2046000;3.454845E-001;-1.433387E-003
2058000;3.454845E-001;-1.433387E-003
2070000;3.454845E-001;-1.433387E-003
2082000;3.454845E-001;-1.433387E-003
2094000;3.454845E-001;-1.433387E-003
2106000;3.454845E-001;-1.433387E-003
2119000;3.454845E-001;-1.433387E-003
2130000;3.454845E-001;-1.433387E-003
2141000;3.454845E-001;-1.433387E-003
2153000;3.454845E-001;-1.433387E-003
2165000;3.454845E-001;-1.433387E-003
2177000;3.454845E-001;-1.433387E-003
2188000;3.454845E-001;-1.433387E-003
2201000;3.454845E-001;-1.433387E-003
2212000;3.454845E-001;-1.433387E-003
2224000;3.454845E-001;-1.433387E-003
2238000;3.454845E-001;-1.433387E-003
2250000;3.454845E-001;-1.433387E-003
2262000;3.454845E-001;-1.433387E-003
2274000;3.454845E-001;-1.433387E-003
2287000;3.454845E-001;-1.433387E-003
2298000;3.454845E-001;-1.433387E-003
2309000;3.454845E-001;-1.433387E-003
2322000;3.454845E-001;-1.433387E-003
2333000;3.454845E-001;-1.433387E-003
2345000;3.454845E-001;-1.433387E-003
2357000;3.454845E-001;-1.433387E-003
2368000;3.454845E-001;-1.433387E-003
2379000;3.454845E-001;-1.433387E-003
2391000;3.454845E-001;-1.433387E-003
2402000;3.454845E-001;-1.433387E-003
2413000;3.454845E-001;-1.433387E-003
2425000;3.454845E-001;-1.433387E-003
2437000;3.454845E-001;-1.433387E-003
2449000;3.454845E-001;-1.433387E-003
2461000;3.454845E-001;-1.433387E-003
2473000;3.454845E-001;-1.433387E-003
2485000;3.454845E-001;-1.433387E-003
2497000;3.454845E-001;-1.433387E-003
2508000;3.454845E-001;-1.433387E-003
2519000;3.454845E-001;-1.433387E-003
2530000;3.454845E-001;-1.433387E-003
2542000;3.454845E-001;-1.433387E-003
2553000;3.454845E-001;-1.433387E-003
2565000;3.454845E-001;-1.433387E-003
2576000;3.454845E-001;-1.433387E-003
2587000;3.454845E-001;-1.433387E-003
2598000;3.454845E-001;-1.433387E-003
2610000;3.454845E-001;-1.433387E-003
2622000;3.454845E-001;-1.433387E-003
2633000;3.454845E-001;-1.433387E-003
2646000;3.454845E-001;-1.433387E-003
2657000;3.454845E-001;-1.433387E-003
2670000;3.454845E-001;-1.433387E-003
2682000;3.454845E-001;-1.433387E-003
2693000;3.454845E-001;-1.433387E-003
2704000;3.454845E-001;-1.433387E-003
2715000;3.454845E-001;-1.433387E-003
2726000;3.454845E-001;-1.433387E-003
2737000;3.454845E-001;-1.433387E-003
2748000;3.454845E-001;-1.433387E-003
2760000;3.454845E-001;-1.433387E-003
2772000;3.454845E-001;-1.433387E-003
2783000;3.454845E-001;-1.433387E-003
2794000;3.454845E-001;-1.433387E-003
2807000;3.454845E-001;-1.433387E-003
2818000;3.454845E-001;-1.433387E-003
2830000;3.454845E-001;-1.433387E-003
2842000;3.454845E-001;-1.433387E-003
2855000;3.454845E-001;-1.433387E-003
2867000;3.454845E-001;-1.433387E-003
2879000;3.454845E-001;-1.433387E-003
2890000;3.454845E-001;-1.433387E-003
2901000;3.454845E-001;-1.433387E-003
2913000;3.454845E-001;-1.433387E-003
2925000;3.454845E-001;-1.433387E-003
2936000;3.454845E-001;-1.433387E-003
2948000;3.454845E-001;-1.433387E-003
2959000;3.454845E-001;-1.433387E-003
2971000;3.454845E-001;-1.433387E-003
2983000;3.454845E-001;-1.433387E-003
2994000;3.454845E-001;-1.433387E-003
3005000;3.454845E-001;-1.433387E-003
3017000;3.454845E-001;-1.433387E-003
3028000;3.454845E-001;-1.433387E-003
3040000;3.454845E-001;-1.433387E-003
3052000;3.454845E-001;-1.433387E-003
3063000;3.454845E-001;-1.433387E-003
3074000;3.454845E-001;-1.433387E-003
3087000;3.454845E-001;-1.433387E-003
3098000;3.454845E-001;-1.433387E-003
3110000;3.454845E-001;-1.433387E-003
3122000;3.454845E-001;-1.433387E-003
3134000;3.454845E-001;-1.433387E-003
3146000;3.454845E-001;-1.433387E-003
3158000;3.454845E-001;-1.433387E-003
3169000;3.454845E-001;-1.433387E-003
3182000;3.454845E-001;-1.433387E-003
3193000;3.454845E-001;-1.433387E-003
3205000;3.454845E-001;-1.433387E-003
3217000;3.454845E-001;-1.433387E-003
3228000;3.454845E-001;-1.433387E-003
3240000;3.454845E-001;-1.433387E-003
3251000;3.454845E-001;-1.433387E-003
3263000;3.454845E-001;-1.433387E-003
3274000;3.454845E-001;-1.433387E-003
3286000;3.454845E-001;-1.433387E-003
3298000;3.454845E-001;-1.433387E-003
3310000;3.454845E-001;-1.433387E-003
3322000;3.454845E-001;-1.433387E-003
3334000;3.454845E-001;-1.433387E-003
3345000;3.454845E-001;-1.433387E-003
3357000;3.454845E-001;-1.433387E-003
3369000;3.454845E-001;-1.433387E-003
3380000;3.454845E-001;-1.433387E-003
3392000;3.454845E-001;-1.433387E-003
3403000;3.454845E-001;-1.433387E-003
3415000;3.454845E-001;-1.433387E-003
3426000;3.454845E-001;-1.433387E-003
3438000;3.454845E-001;-1.433387E-003
3450000;3.454845E-001;-1.433387E-003
3462000;3.454845E-001;-1.433387E-003
3474000;3.454845E-001;-1.433387E-003
3486000;3.454845E-001;-1.433387E-003
3497000;3.454845E-001;-1.433387E-003
3508000;3.454845E-001;-1.433387E-003
3519000;3.454845E-001;-1.433387E-003
3530000;3.454845E-001;-1.433387E-003
3541000;3.454845E-001;-1.433387E-003
3552000;3.454845E-001;-1.433387E-003
3564000;3.454845E-001;-1.433387E-003
3576000;3.454845E-001;-1.433387E-003
3589000;3.454845E-001;-1.433387E-003
3600000;3.454845E-001;-1.433387E-003
3612000;3.454845E-001;-1.433387E-003
3624000;3.454845E-001;-1.433387E-003
3635000;3.454845E-001;-1.433387E-003
3646000;3.454845E-001;-1.433387E-003
3657000;3.454845E-001;-1.433387E-003
3669000;3.454845E-001;-1.433387E-003
3680000;3.454845E-001;-1.433387E-003
3692000;3.454845E-001;-1.433387E-003
3704000;3.454845E-001;-1.433387E-003
3715000;3.454845E-001;-1.433387E-003
3726000;3.454845E-001;-1.433387E-003
3737000;3.454845E-001;-1.433387E-003
3748000;3.454845E-001;-1.433387E-003
3759000;3.454845E-001;-1.433387E-003
3770000;3.454845E-001;-1.433387E-003
3782000;3.454845E-001;-1.433387E-003
3794000;3.454845E-001;-1.433387E-003
3805000;3.454845E-001;-1.433387E-003
3816000;3.454845E-001;-1.433387E-003
3827000;3.454845E-001;-1.433387E-003
3839000;3.454845E-001;-1.433387E-003
3850000;3.454845E-001;-1.433387E-003
3861000;3.454845E-001;-1.433387E-003
3873000;3.454845E-001;-1.433387E-003
3885000;3.454845E-001;-1.433387E-003
3896000;3.454845E-001;-1.433387E-003
3907000;3.454845E-001;-1.433387E-003
3919000;3.454845E-001;-1.433387E-003
3931000;3.454845E-001;-1.433387E-003
3942000;3.454845E-001;-1.433387E-003
3953000;3.454845E-001;-1.433387E-003
3964000;3.454845E-001;-1.433387E-003
3976000;3.454845E-001;-1.433387E-003
3987000;3.454845E-001;-1.433387E-003
3998000;3.454845E-001;-1.433387E-003
4010000;3.454845E-001;-1.433387E-003
4022000;3.454845E-001;-1.433387E-003
4033000;3.454845E-001;-1.433387E-003
4044000;3.454845E-001;-1.433387E-003
4055000;3.454845E-001;-1.433387E-003
4068000;3.454845E-001;-1.433387E-003
4097000;3.454845E-001;-1.433387E-003
4110000;3.454845E-001;-1.433387E-003
4121000;3.454845E-001;-1.433387E-003
4133000;3.454845E-001;-1.433387E-003
4144000;3.454845E-001;-1.433387E-003
4155000;3.454845E-001;-1.433387E-003
4166000;3.454845E-001;-1.433387E-003
4177000;3.454845E-001;-1.433387E-003
4189000;3.454845E-001;-1.433387E-003
4200000;3.454845E-001;-1.433387E-003
4211000;3.454845E-001;-1.433387E-003
4222000;3.454845E-001;-1.433387E-003
4233000;3.454845E-001;-1.433387E-003
4244000;3.454845E-001;-1.433387E-003
4256000;3.454845E-001;-1.433387E-003
4267000;3.454845E-001;-1.433387E-003
4278000;3.454845E-001;-1.433387E-003
4290000;3.454845E-001;-1.433387E-003
4302000;3.454845E-001;-1.433387E-003
4313000;3.454845E-001;-1.433387E-003
4324000;3.454845E-001;-1.433387E-003
4335000;3.454845E-001;-1.433387E-003
4347000;3.454845E-001;-1.433387E-003
4358000;3.454845E-001;-1.433387E-003
4370000;3.454845E-001;-1.433387E-003
4381000;3.454845E-001;-1.433387E-003
4392000;3.454845E-001;-1.433387E-003
4403000;3.454845E-001;-1.433387E-003
4415000;3.454845E-001;-1.433387E-003
4427000;3.454845E-001;-1.433387E-003
4438000;3.454845E-001;-1.433387E-003
4450000;3.454845E-001;-1.433387E-003
4462000;3.454845E-001;-1.433387E-003
4473000;3.454845E-001;-1.433387E-003
4485000;3.454845E-001;-1.433387E-003
4497000;3.454845E-001;-1.433387E-003
4508000;3.454845E-001;-1.433387E-003
4519000;3.454845E-001;-1.433387E-003
4530000;3.454845E-001;-1.433387E-003
4542000;3.454845E-001;-1.433387E-003
4554000;3.454845E-001;-1.433387E-003
4566000;3.454845E-001;-1.433387E-003
4578000;3.454845E-001;-1.433387E-003
4590000;3.454845E-001;-1.433387E-003
4602000;3.454845E-001;-1.433387E-003
4614000;3.454845E-001;-1.433387E-003
4625000;3.454845E-001;-1.433387E-003
4636000;3.454845E-001;-1.433387E-003
4647000;3.454845E-001;-1.433387E-003
4658000;3.454845E-001;-1.433387E-003
4670000;3.454845E-001;-1.433387E-003
4681000;3.454845E-001;-1.433387E-003
4692000;3.454845E-001;-1.433387E-003
4704000;3.454845E-001;-1.433387E-003
4715000;3.454845E-001;-1.433387E-003
4726000;3.454845E-001;-1.433387E-003
4737000;3.454845E-001;-1.433387E-003
4749000;3.454845E-001;-1.433387E-003
4760000;3.454845E-001;-1.433387E-003
4772000;3.454845E-001;-1.433387E-003
4784000;3.454845E-001;-1.433387E-003
4796000;3.454845E-001;-1.433387E-003
4809000;3.454845E-001;-1.433387E-003
4821000;3.454845E-001;-1.433387E-003
4832000;3.454845E-001;-1.433387E-003
4845000;3.454845E-001;-1.433387E-003
4856000;3.454845E-001;-1.433387E-003
4868000;3.454845E-001;-1.433387E-003
4880000;3.454845E-001;-1.433387E-003
4892000;3.454845E-001;-1.433387E-003
4904000;3.454845E-001;-1.433387E-003
4916000;3.454845E-001;-1.433387E-003
4928000;3.454845E-001;-1.433387E-003
4940000;3.454845E-001;-1.433387E-003
4953000;3.454845E-001;-1.433387E-003
4965000;3.454845E-001;-1.433387E-003
4978000;3.454845E-001;-1.433387E-003
4989000;3.454845E-001;-1.433387E-003
5001000;3.454845E-001;-1.433387E-003
5012000;3.454845E-001;-1.433387E-003
5025000;3.454845E-001;-1.433387E-003
5038000;3.454845E-001;-1.433387E-003
5051000;3.454845E-001;-1.433387E-003
5062000;3.454845E-001;-1.433387E-003
5074000;3.454845E-001;-1.433387E-003
5086000;3.454845E-001;-1.433387E-003
5098000;3.454845E-001;-1.433387E-003
5110000;3.454845E-001;-1.433387E-003
5122000;3.454845E-001;-1.433387E-003
5134000;3.454845E-001;-1.433387E-003
5145000;3.454845E-001;-1.433387E-003
5156000;3.454845E-001;-1.433387E-003
5167000;3.454845E-001;-1.433387E-003
5179000;3.454845E-001;-1.433387E-003
5191000;3.454845E-001;-1.433387E-003
5202000;3.454845E-001;-1.433387E-003
5214000;3.454845E-001;-1.433387E-003
5227000;3.454845E-001;-1.433387E-003
5238000;3.454845E-001;-1.433387E-003
5249000;3.454845E-001;-1.433387E-003
5261000;3.454845E-001;-1.433387E-003
5272000;3.454845E-001;-1.433387E-003
5284000;3.454845E-001;-1.433387E-003
5295000;3.454845E-001;-1.433387E-003
5306000;3.454845E-001;-1.433387E-003
5317000;3.454845E-001;-1.433387E-003
5330000;3.454845E-001;-1.433387E-003
5342000;3.454845E-001;-1.433387E-003
5353000;3.454845E-001;-1.433387E-003
5365000;3.454845E-001;-1.433387E-003
5377000;3.454845E-001;-1.433387E-003
5388000;3.454845E-001;-1.433387E-003
5399000;3.454845E-001;-1.433387E-003
5410000;3.454845E-001;-1.433387E-003
5422000;3.454845E-001;-1.433387E-003
5433000;3.454845E-001;-1.433387E-003
5444000;3.454845E-001;-1.433387E-003
5456000;3.454845E-001;-1.433387E-003
5468000;3.454845E-001;-1.433387E-003
5480000;3.454845E-001;-1.433387E-003
5491000;3.454845E-001;-1.433387E-003
5502000;3.454845E-001;-1.433387E-003
5513000;3.454845E-001;-1.433387E-003
5525000;3.454845E-001;-1.433387E-003
5537000;3.454845E-001;-1.433387E-003
5548000;3.454845E-001;-1.433387E-003
5561000;3.454845E-001;-1.433387E-003
5572000;3.454845E-001;-1.433387E-003
5585000;3.454845E-001;-1.433387E-003
5596000;3.454845E-001;-1.433387E-003
5607000;3.454845E-001;-1.433387E-003
5619000;3.454845E-001;-1.433387E-003
5630000;3.454845E-001;-1.433387E-003
5642000;3.454845E-001;-1.433387E-003
5653000;3.454845E-001;-1.433387E-003
5665000;3.454845E-001;-1.433387E-003
5676000;3.454845E-001;-1.433387E-003
5687000;3.454845E-001;-1.433387E-003
5699000;3.454845E-001;-1.433387E-003
5710000;3.454845E-001;-1.433387E-003
5722000;3.454845E-001;-1.433387E-003
5733000;3.454845E-001;-1.433387E-003
5745000;3.454845E-001;-1.433387E-003
5756000;3.454845E-001;-1.433387E-003
5768000;3.454845E-001;-1.433387E-003
5780000;3.454845E-001;-1.433387E-003
5791000;3.454845E-001;-1.433387E-003
5802000;3.454845E-001;-1.433387E-003
5815000;3.454845E-001;-1.433387E-003
5826000;3.454845E-001;-1.433387E-003
5838000;3.454845E-001;-1.433387E-003
5850000;3.454845E-001;-1.433387E-003
5863000;3.454845E-001;-1.433387E-003
5876000;3.454845E-001;-1.433387E-003
5887000;3.454845E-001;-1.433387E-003
5899000;3.454845E-001;-1.433387E-003
5910000;3.454845E-001;-1.433387E-003
5921000;3.454845E-001;-1.433387E-003
5934000;3.454845E-001;-1.433387E-003
5946000;3.454845E-001;-1.433387E-003
5958000;3.454845E-001;-1.433387E-003
5970000;3.454845E-001;-1.433387E-003
5982000;3.454845E-001;-1.433387E-003
5994000;3.454845E-001;-1.433387E-003
6006000;3.454845E-001;-1.433387E-003
6018000;3.454845E-001;-1.433387E-003
6030000;3.454845E-001;-1.433387E-003
6041000;3.454845E-001;-1.433387E-003
6052000;3.454845E-001;-1.433387E-003
6063000;3.454845E-001;-1.433387E-003
6074000;3.454845E-001;-1.433387E-003
6086000;3.454845E-001;-1.433387E-003
6098000;3.454845E-001;-1.433387E-003
6111000;3.454845E-001;-1.433387E-003
6124000;3.454845E-001;-1.433387E-003
6135000;3.454845E-001;-1.433387E-003
6146000;3.454845E-001;-1.433387E-003
6157000;3.454845E-001;-1.433387E-003
6169000;3.454845E-001;-1.433387E-003
6180000;3.454845E-001;-1.433387E-003
6191000;3.454845E-001;-1.433387E-003
6204000;3.454845E-001;-1.433387E-003
6215000;3.454845E-001;-1.433387E-003
6227000;3.454845E-001;-1.433387E-003
6238000;3.454845E-001;-1.433387E-003
6250000;3.454845E-001;-1.433387E-003
6261000;3.454845E-001;-1.433387E-003
6274000;3.454845E-001;-1.433387E-003
6286000;3.454845E-001;-1.433387E-003
6297000;3.454845E-001;-1.433387E-003
6309000;3.454845E-001;-1.433387E-003
6321000;3.454845E-001;-1.433387E-003
6333000;3.454845E-001;-1.433387E-003
6345000;3.454845E-001;-1.433387E-003
6357000;3.454845E-001;-1.433387E-003
6368000;3.454845E-001;-1.433387E-003
6381000;3.454845E-001;-1.433387E-003
6393000;3.454845E-001;-1.433387E-003
6404000;3.454845E-001;-1.433387E-003
6415000;3.454845E-001;-1.433387E-003
6427000;3.454845E-001;-1.433387E-003
6439000;3.454845E-001;-1.433387E-003
6451000;3.454845E-001;-1.433387E-003
6462000;3.454845E-001;-1.433387E-003
6475000;3.454845E-001;-1.433387E-003
6488000;3.454845E-001;-1.433387E-003
6500000;3.454845E-001;-1.433387E-003
6512000;3.454845E-001;-1.433387E-003
6523000;3.454845E-001;-1.433387E-003
6536000;3.454845E-001;-1.433387E-003
6548000;3.454845E-001;-1.433387E-003
6560000;3.454845E-001;-1.433387E-003
6571000;3.454845E-001;-1.433387E-003
6583000;3.454845E-001;-1.433387E-003
6595000;3.454845E-001;-1.433387E-003
6607000;3.454845E-001;-1.433387E-003
6619000;3.454845E-001;-1.433387E-003
6631000;3.454845E-001;-1.433387E-003
6642000;3.454845E-001;-1.433387E-003
6654000;3.454845E-001;-1.433387E-003
6666000;3.454845E-001;-1.433387E-003
6678000;3.454845E-001;-1.433387E-003
6689000;3.454845E-001;-1.433387E-003
6701000;3.454845E-001;-1.433387E-003
6712000;3.454845E-001;-1.433387E-003
6725000;3.454845E-001;-1.433387E-003
6737000;3.454845E-001;-1.433387E-003
6748000;3.454845E-001;-1.433387E-003
6759000;3.454845E-001;-1.433387E-003
6770000;3.454845E-001;-1.433387E-003
6782000;3.454845E-001;-1.433387E-003
6794000;3.454845E-001;-1.433387E-003
6806000;3.454845E-001;-1.433387E-003
6818000;3.454845E-001;-1.433387E-003
6830000;3.454845E-001;-1.433387E-003
6842000;3.454845E-001;-1.433387E-003
6854000;3.454845E-001;-1.433387E-003
6865000;3.454845E-001;-1.433387E-003
6877000;3.454845E-001;-1.433387E-003
6889000;3.454845E-001;-1.433387E-003
6901000;3.454845E-001;-1.433387E-003
6912000;3.454845E-001;-1.433387E-003
6924000;3.454845E-001;-1.433387E-003
6937000;3.454845E-001;-1.433387E-003
6948000;3.454845E-001;-1.433387E-003
6959000;3.454845E-001;-1.433387E-003
6970000;3.454845E-001;-1.433387E-003
6983000;3.454845E-001;-1.433387E-003
6996000;3.454845E-001;-1.433387E-003
7007000;3.454845E-001;-1.433387E-003
7019000;3.454845E-001;-1.433387E-003
7030000;3.454845E-001;-1.433387E-003
7043000;3.454845E-001;-1.433387E-003
7056000;3.454845E-001;-1.433387E-003
7068000;3.454845E-001;-1.433387E-003
7080000;3.454845E-001;-1.433387E-003
7091000;3.454845E-001;-1.433387E-003
7103000;3.454845E-001;-1.433387E-003
7114000;3.454845E-001;-1.433387E-003
7126000;3.454845E-001;-1.433387E-003
7138000;3.454845E-001;-1.433387E-003
7150000;3.454845E-001;-1.433387E-003
7161000;3.454845E-001;-1.433387E-003
7173000;3.454845E-001;-1.433387E-003
7184000;3.454845E-001;-1.433387E-003
7196000;3.454845E-001;-1.433387E-003
7207000;3.454845E-001;-1.433387E-003
7218000;3.454845E-001;-1.433387E-003
7229000;3.454845E-001;-1.433387E-003
7240000;3.454845E-001;-1.433387E-003
7251000;3.454845E-001;-1.433387E-003
7263000;3.454845E-001;-1.433387E-003
7275000;3.454845E-001;-1.433387E-003
7288000;3.454845E-001;-1.433387E-003
7299000;3.454845E-001;-1.433387E-003
7310000;3.454845E-001;-1.433387E-003
7322000;3.454845E-001;-1.433387E-003
7334000;3.454845E-001;-1.433387E-003
7346000;3.454845E-001;-1.433387E-003
7357000;3.454845E-001;-1.433387E-003
7368000;3.454845E-001;-1.433387E-003
7379000;3.454845E-001;-1.433387E-003
7391000;3.454845E-001;-1.433387E-003
7403000;3.454845E-001;-1.433387E-003
7414000;3.454845E-001;-1.433387E-003
7426000;3.454845E-001;-1.433387E-003
7438000;3.454845E-001;-1.433387E-003
7450000;3.454845E-001;-1.433387E-003
7461000;3.454845E-001;-1.433387E-003
7473000;3.454845E-001;-1.433387E-003
7485000;3.454845E-001;-1.433387E-003
7497000;3.454845E-001;-1.433387E-003
7508000;3.454845E-001;-1.433387E-003
7520000;3.454845E-001;-1.433387E-003
7531000;3.454845E-001;-1.433387E-003
7542000;3.454845E-001;-1.433387E-003
7554000;3.454845E-001;-1.433387E-003
7565000;3.454845E-001;-1.433387E-003
7577000;3.454845E-001;-1.433387E-003
7589000;3.454845E-001;-1.433387E-003
7601000;3.454845E-001;-1.433387E-003
7613000;3.454845E-001;-1.433387E-003
7625000;3.454845E-001;-1.433387E-003
7638000;3.454845E-001;-1.433387E-003
7651000;3.454845E-001;-1.433387E-003
7663000;3.454845E-001;-1.433387E-003
7676000;3.454845E-001;-1.433387E-003
7688000;3.454845E-001;-1.433387E-003
7700000;3.454845E-001;-1.433387E-003
7712000;3.454845E-001;-1.433387E-003
7724000;3.454845E-001;-1.433387E-003
7735000;3.454845E-001;-1.433387E-003
7748000;3.454845E-001;-1.433387E-003
7760000;3.454845E-001;-1.433387E-003
7771000;3.454845E-001;-1.433387E-003
7783000;3.454845E-001;-1.433387E-003
7794000;3.454845E-001;-1.433387E-003
7807000;3.454845E-001;-1.433387E-003
7820000;3.454845E-001;-1.433387E-003
7831000;3.454845E-001;-1.433387E-003
7843000;3.454845E-001;-1.433387E-003
7855000;3.454845E-001;-1.433387E-003
7867000;3.454845E-001;-1.433387E-003
7879000;3.454845E-001;-1.433387E-003
7891000;3.454845E-001;-1.433387E-003
7902000;3.454845E-001;-1.433387E-003
7914000;3.454845E-001;-1.433387E-003
7925000;3.454845E-001;-1.433387E-003
7937000;3.454845E-001;-1.433387E-003
7948000;3.454845E-001;-1.433387E-003
7960000;3.454845E-001;-1.433387E-003
7972000;3.454845E-001;-1.433387E-003
7984000;3.454845E-001;-1.433387E-003
7997000;3.454845E-001;-1.433387E-003
8008000;3.454845E-001;-1.433387E-003
8020000;3.454845E-001;-1.433387E-003
8031000;3.454845E-001;-1.433387E-003
8043000;3.454845E-001;-1.433387E-003
8055000;3.454845E-001;-1.433387E-003
8066000;3.454845E-001;-1.433387E-003
8078000;3.454845E-001;-1.433387E-003
8089000;3.454845E-001;-1.433387E-003
8100000;3.454845E-001;-1.433387E-003
8111000;3.454845E-001;-1.433387E-003
8122000;3.454845E-001;-1.433387E-003
8134000;3.454845E-001;-1.433387E-003
8146000;3.454845E-001;-1.433387E-003
8159000;3.454845E-001;-1.433387E-003
8171000;3.454845E-001;-1.433387E-003
8182000;3.454845E-001;-1.433387E-003
8195000;3.454845E-001;-1.433387E-003
8207000;3.454845E-001;-1.433387E-003
8219000;3.454845E-001;-1.433387E-003
8231000;3.454845E-001;-1.433387E-003
8243000;3.454845E-001;-1.433387E-003
8255000;3.454845E-001;-1.433387E-003
8267000;3.454845E-001;-1.433387E-003
8281000;3.454845E-001;-1.433387E-003
8293000;3.454845E-001;-1.433387E-003
8305000;3.454845E-001;-1.433387E-003
8317000;3.454845E-001;-1.433387E-003
8329000;3.454845E-001;-1.433387E-003
8341000;3.454845E-001;-1.433387E-003
8353000;3.454845E-001;-1.433387E-003
8365000;3.454845E-001;-1.433387E-003
8377000;3.454845E-001;-1.433387E-003
8389000;3.454845E-001;-1.433387E-003
8401000;3.454845E-001;-1.433387E-003
8412000;3.454845E-001;-1.433387E-003
8423000;3.454845E-001;-1.433387E-003
8434000;3.454845E-001;-1.433387E-003
8445000;3.454845E-001;-1.433387E-003
8456000;3.454845E-001;-1.433387E-003
8468000;3.454845E-001;-1.433387E-003
8479000;3.454845E-001;-1.433387E-003
8491000;3.454845E-001;-1.433387E-003
8504000;3.454845E-001;-1.433387E-003
8515000;3.454845E-001;-1.433387E-003
8527000;3.454845E-001;-1.433387E-003
8538000;3.454845E-001;-1.433387E-003
8550000;3.454845E-001;-1.433387E-003
8563000;3.454845E-001;-1.433387E-003
8574000;3.454845E-001;-1.433387E-003
8585000;3.454845E-001;-1.433387E-003
8597000;3.454845E-001;-1.433387E-003
8609000;3.454845E-001;-1.433387E-003
8620000;3.454845E-001;-1.433387E-003
8632000;3.454845E-001;-1.433387E-003
8644000;3.454845E-001;-1.433387E-003
8655000;3.454845E-001;-1.433387E-003
8666000;3.454845E-001;-1.433387E-003
8677000;3.454845E-001;-1.433387E-003
8688000;3.454845E-001;-1.433387E-003
8700000;3.454845E-001;-1.433387E-003
8711000;3.454845E-001;-1.433387E-003
8723000;3.454845E-001;-1.433387E-003
8734000;3.454845E-001;-1.433387E-003
8746000;3.454845E-001;-1.433387E-003
8757000;3.454845E-001;-1.433387E-003
8769000;3.454845E-001;-1.433387E-003
8782000;3.454845E-001;-1.433387E-003
8794000;3.454845E-001;-1.433387E-003
8806000;3.454845E-001;-1.433387E-003
8818000;3.454845E-001;-1.433387E-003
8829000;3.454845E-001;-1.433387E-003
8840000;3.454845E-001;-1.433387E-003
8852000;3.454845E-001;-1.433387E-003
8864000;3.454845E-001;-1.433387E-003
8876000;3.454845E-001;-1.433387E-003
8887000;3.454845E-001;-1.433387E-003
8898000;3.454845E-001;-1.433387E-003
8910000;3.454845E-001;-1.433387E-003
8921000;3.454845E-001;-1.433387E-003
8933000;3.454845E-001;-1.433387E-003
8945000;3.454845E-001;-1.433387E-003
8956000;3.454845E-001;-1.433387E-003
8968000;3.454845E-001;-1.433387E-003
8979000;3.454845E-001;-1.433387E-003
8990000;3.454845E-001;-1.433387E-003
9001000;3.454845E-001;-1.433387E-003
9015000;3.454845E-001;-1.433387E-003
9026000;3.454845E-001;-1.433387E-003
9038000;3.454845E-001;-1.433387E-003
9051000;3.454845E-001;-1.433387E-003
9062000;3.454845E-001;-1.433387E-003
9075000;3.454845E-001;-1.433387E-003
9087000;3.454845E-001;-1.433387E-003
9099000;3.454845E-001;-1.433387E-003
9110000;3.454845E-001;-1.433387E-003
9121000;3.454845E-001;-1.433387E-003
9133000;3.454845E-001;-1.433387E-003
9145000;3.454845E-001;-1.433387E-003
9157000;3.454845E-001;-1.433387E-003
9169000;3.454845E-001;-1.433387E-003
9180000;3.454845E-001;-1.433387E-003
9192000;3.454845E-001;-1.433387E-003
9203000;3.454845E-001;-1.433387E-003
9214000;3.454845E-001;-1.433387E-003
9225000;3.454845E-001;-1.433387E-003
9237000;3.454845E-001;-1.433387E-003
9249000;3.454845E-001;9.634942E-004
9261000;3.454845E-001;8.825272E-003
9273000;3.454845E-001;1.122214E-002
9285000;3.454845E-001;1.870041E-002
9297000;3.454845E-001;2.972607E-002
9309000;3.454845E-001;4.238160E-002
9321000;3.454845E-001;6.126903E-002
9332000;3.454845E-001;7.948534E-002
9343000;3.454845E-001;1.020160E-001
9354000;3.454845E-001;1.298199E-001
9365000;3.454845E-001;1.613628E-001
9377000;3.454845E-001;1.970284E-001
9389000;3.454845E-001;2.302012E-001
9400000;3.454845E-001;2.588679E-001
9412000;3.454845E-001;2.843708E-001
9423000;3.454845E-001;3.057510E-001
9433000;3.454845E-001;3.227208E-001
9444000;3.454845E-001;3.352805E-001
9455000;3.454845E-001;3.446763E-001
9466000;3.454845E-001;3.522505E-001
9477000;3.454845E-001;3.586740E-001
9489000;3.454845E-001;3.624132E-001
9500000;3.454845E-001;3.647142E-001
9511000;3.454845E-001;3.660564E-001
9522000;3.454845E-001;3.664399E-001
9533000;3.454845E-001;3.664399E-001
9545000;3.454845E-001;3.663441E-001
9556000;3.454845E-001;3.661523E-001
9567000;3.454845E-001;3.652894E-001
9579000;3.454845E-001;3.639472E-001
9590000;3.454845E-001;3.628926E-001
9602000;3.454845E-001;3.616462E-001
9614000;3.454845E-001;3.603039E-001
9625000;3.454845E-001;3.586740E-001
9637000;3.454845E-001;3.572359E-001
9649000;3.454845E-001;3.557978E-001
9660000;3.454845E-001;3.548391E-001
9671000;3.454845E-001;3.538803E-001
9683000;3.454845E-001;3.532092E-001
9694000;3.454845E-001;3.526340E-001
9706000;3.454845E-001;3.521546E-001
9718000;3.454845E-001;3.515793E-001
9729000;3.454845E-001;3.510040E-001
9741000;3.454845E-001;3.504288E-001
9751000;3.454845E-001;3.498535E-001
9763000;3.454845E-001;3.488948E-001
9775000;3.454845E-001;3.480319E-001
9786000;3.454845E-001;3.476484E-001
9798000;3.454845E-001;3.473608E-001
9809000;3.454845E-001;3.473608E-001
9820000;3.454845E-001;3.475525E-001
9832000;3.454845E-001;3.473608E-001
9844000;3.454845E-001;3.471690E-001
9855000;3.454845E-001;3.474566E-001
9867000;3.454845E-001;3.478401E-001
9879000;3.454845E-001;3.477443E-001
9891000;3.454845E-001;3.461144E-001
9903000;3.454845E-001;3.442928E-001
9914000;3.454845E-001;3.432382E-001
9926000;3.454845E-001;3.421835E-001
9937000;3.454845E-001;3.410330E-001
9948000;3.454845E-001;3.402660E-001
9959000;3.454845E-001;3.401701E-001
9971000;3.454845E-001;3.401701E-001
9984000;3.454845E-001;3.401701E-001
9996000;3.454845E-001;3.402660E-001
10009000;3.454845E-001;3.403619E-001
10021000;3.454845E-001;3.404577E-001
10033000;3.454845E-001;3.406495E-001
10045000;3.454845E-001;3.408412E-001
10057000;3.454845E-001;3.409371E-001
10069000;3.454845E-001;3.409371E-001
10081000;3.454845E-001;3.409371E-001
10093000;3.454845E-001;3.409371E-001
10106000;3.454845E-001;3.408412E-001
10118000;3.454845E-001;3.408412E-001
10129000;3.454845E-001;3.408412E-001
10140000;3.454845E-001;3.408412E-001
10152000;3.454845E-001;3.408412E-001
10164000;3.454845E-001;3.409371E-001
10175000;3.454845E-001;3.409371E-001
10187000;3.454845E-001;3.409371E-001
10199000;3.454845E-001;3.409371E-001
10210000;3.454845E-001;3.409371E-001
10222000;3.454845E-001;3.409371E-001
10233000;3.454845E-001;3.409371E-001
10245000;3.454845E-001;3.409371E-001
10257000;3.454845E-001;3.409371E-001
10268000;3.454845E-001;3.409371E-001
10279000;3.454845E-001;3.409371E-001
10292000;3.454845E-001;3.410330E-001
10304000;3.454845E-001;3.410330E-001
10316000;3.454845E-001;3.411289E-001
10328000;3.454845E-001;3.411289E-001
10339000;3.454845E-001;3.411289E-001
10352000;3.454845E-001;3.410330E-001
10364000;3.454845E-001;3.410330E-001
10376000;3.454845E-001;3.410330E-001
10388000;3.454845E-001;3.410330E-001
10399000;3.454845E-001;3.411289E-001
10410000;3.454845E-001;3.412247E-001
10423000;3.454845E-001;3.416082E-001
10434000;3.454845E-001;3.422794E-001
10445000;3.454845E-001;3.432382E-001
10456000;3.454845E-001;3.441010E-001
10468000;3.454845E-001;3.447722E-001
10480000;3.454845E-001;3.450598E-001
10492000;3.454845E-001;3.451557E-001
10505000;3.454845E-001;3.452516E-001
10517000;3.454845E-001;3.456351E-001
10528000;3.454845E-001;3.460186E-001
10540000;3.454845E-001;3.461144E-001
10551000;3.454845E-001;3.461144E-001
10563000;3.454845E-001;3.461144E-001
10575000;3.454845E-001;3.461144E-001
10587000;3.454845E-001;3.461144E-001
10598000;3.454845E-001;3.461144E-001
10609000;3.454845E-001;3.461144E-001
10621000;3.454845E-001;3.461144E-001
10633000;3.454845E-001;3.461144E-001
10645000;3.454845E-001;3.461144E-001
10657000;3.454845E-001;3.462103E-001
10669000;3.454845E-001;3.465938E-001
10680000;3.454845E-001;3.472649E-001
10692000;3.454845E-001;3.487989E-001
10703000;3.454845E-001;3.500453E-001
10714000;3.454845E-001;3.508123E-001
10726000;3.454845E-001;3.509082E-001
10737000;3.454845E-001;3.510999E-001
10749000;3.454845E-001;3.510999E-001
10762000;3.454845E-001;3.510040E-001
10773000;3.454845E-001;3.510040E-001
10785000;3.454845E-001;3.510040E-001
10796000;3.454845E-001;3.509082E-001
10808000;3.454845E-001;3.508123E-001
10820000;3.454845E-001;3.507164E-001
10831000;3.454845E-001;3.506205E-001
10843000;3.454845E-001;3.506205E-001
10854000;3.454845E-001;3.506205E-001
10866000;3.454845E-001;3.506205E-001
10877000;3.454845E-001;3.506205E-001
10888000;3.454845E-001;3.506205E-001
10900000;3.454845E-001;3.505247E-001
10912000;3.454845E-001;3.504288E-001
10923000;3.454845E-001;3.503329E-001
10941000;3.454845E-001;3.502370E-001
10952000;3.454845E-001;3.502370E-001
10964000;3.454845E-001;3.502370E-001
10977000;3.454845E-001;3.501412E-001
10988000;3.454845E-001;3.501412E-001
11001000;3.454845E-001;3.501412E-001
11013000;3.454845E-001;3.501412E-001
11025000;3.454845E-001;3.501412E-001
11038000;3.454845E-001;3.500453E-001
11051000;3.454845E-001;3.500453E-001
11062000;3.454845E-001;3.499494E-001
11075000;3.454845E-001;3.498535E-001
11087000;3.454845E-001;3.497577E-001
11099000;3.454845E-001;3.496618E-001
11110000;3.454845E-001;3.496618E-001
11121000;3.454845E-001;3.496618E-001
11133000;3.454845E-001;3.495659E-001
11145000;3.454845E-001;3.495659E-001
11156000;3.454845E-001;3.495659E-001
11168000;3.454845E-001;3.494700E-001
11180000;3.454845E-001;3.493742E-001
11191000;3.454845E-001;3.492783E-001
11203000;3.454845E-001;3.491824E-001
11215000;3.454845E-001;3.489907E-001
11227000;3.454845E-001;3.488948E-001
11238000;3.454845E-001;3.487030E-001
11249000;3.454845E-001;3.486072E-001
11261000;3.454845E-001;3.485113E-001
11272000;3.454845E-001;3.483195E-001
11283000;3.454845E-001;3.481278E-001
11294000;3.454845E-001;3.479360E-001
11306000;3.454845E-001;3.476484E-001
11317000;3.454845E-001;3.472649E-001
11328000;3.454845E-001;3.468814E-001
11339000;3.454845E-001;3.463061E-001
11350000;3.454845E-001;3.457309E-001
11362000;3.454845E-001;3.453474E-001
11373000;3.454845E-001;3.450598E-001
11385000;3.454845E-001;3.449639E-001
11396000;3.454845E-001;3.448680E-001
11407000;3.454845E-001;3.448680E-001
11419000;3.454845E-001;3.447722E-001
11430000;3.454845E-001;3.447722E-001
11441000;3.454845E-001;3.447722E-001
11453000;3.454845E-001;3.447722E-001
11464000;3.454845E-001;3.447722E-001
11475000;3.454845E-001;3.447722E-001
11487000;3.454845E-001;3.447722E-001
11498000;3.454845E-001;3.447722E-001
11510000;3.454845E-001;3.447722E-001
11522000;3.454845E-001;3.447722E-001
11534000;3.454845E-001;3.447722E-001
11546000;3.454845E-001;3.447722E-001
11558000;3.454845E-001;3.447722E-001
11570000;3.454845E-001;3.447722E-001
11582000;3.454845E-001;3.447722E-001
11594000;3.454845E-001;3.447722E-001
11606000;3.454845E-001;3.447722E-001
11617000;3.454845E-001;3.447722E-001
11629000;3.454845E-001;3.447722E-001
11640000;3.454845E-001;3.447722E-001
11651000;3.454845E-001;3.447722E-001
11663000;3.454845E-001;3.447722E-001
11674000;3.454845E-001;3.448680E-001
11686000;3.454845E-001;3.448680E-001
11699000;3.454845E-001;3.448680E-001
11712000;3.454845E-001;3.448680E-001
11724000;3.454845E-001;3.448680E-001
11736000;3.454845E-001;3.448680E-001
11747000;3.454845E-001;3.448680E-001
11759000;3.454845E-001;3.448680E-001
11770000;3.454845E-001;3.448680E-001
11782000;3.454845E-001;3.448680E-001
11794000;3.454845E-001;3.448680E-001
11806000;3.454845E-001;3.448680E-001
11817000;3.454845E-001;3.448680E-001
11828000;3.454845E-001;3.448680E-001
11840000;3.454845E-001;3.448680E-001
11852000;3.454845E-001;3.448680E-001
11864000;3.454845E-001;3.448680E-001
11875000;3.454845E-001;3.448680E-001
11886000;3.454845E-001;3.448680E-001
11898000;3.454845E-001;3.448680E-001
11910000;3.454845E-001;3.448680E-001
11922000;3.454845E-001;3.448680E-001
11934000;3.454845E-001;3.448680E-001
11945000;3.454845E-001;3.448680E-001
11957000;3.454845E-001;3.448680E-001
11968000;3.454845E-001;3.448680E-001
11980000;3.454845E-001;3.448680E-001
11991000;3.454845E-001;3.448680E-001
12002000;3.454845E-001;3.448680E-001
12015000;3.454845E-001;3.448680E-001
12027000;3.454845E-001;3.448680E-001
12038000;3.454845E-001;3.448680E-001
12050000;3.454845E-001;3.448680E-001
12063000;3.454845E-001;3.448680E-001
12074000;3.454845E-001;3.448680E-001
12085000;3.454845E-001;3.448680E-001
12097000;3.454845E-001;3.448680E-001
12108000;3.454845E-001;3.448680E-001
12121000;3.454845E-001;3.448680E-001
12133000;3.454845E-001;3.448680E-001
12145000;3.454845E-001;3.448680E-001
12156000;3.454845E-001;3.448680E-001
12168000;3.454845E-001;3.448680E-001
12179000;3.454845E-001;3.448680E-001
12191000;3.454845E-001;3.448680E-001
12202000;3.454845E-001;3.448680E-001
12213000;3.454845E-001;3.448680E-001
12225000;3.454845E-001;3.448680E-001
12236000;3.454845E-001;3.448680E-001
12248000;3.454845E-001;3.448680E-001
12261000;3.454845E-001;3.448680E-001
12273000;3.454845E-001;3.448680E-001
12285000;3.454845E-001;3.448680E-001
12297000;3.454845E-001;3.448680E-001
12308000;3.454845E-001;3.448680E-001
12320000;3.454845E-001;3.448680E-001
12331000;3.454845E-001;3.448680E-001
12342000;3.454845E-001;3.448680E-001
12353000;3.454845E-001;3.448680E-001
12365000;3.454845E-001;3.448680E-001
12376000;3.454845E-001;3.448680E-001
12388000;3.454845E-001;3.448680E-001
12399000;3.454845E-001;3.448680E-001
12410000;3.454845E-001;3.448680E-001
12421000;3.454845E-001;3.448680E-001
12432000;3.454845E-001;3.448680E-001
12444000;3.454845E-001;3.448680E-001
12455000;3.454845E-001;3.448680E-001
12466000;3.454845E-001;3.448680E-001
12477000;3.454845E-001;3.448680E-001
12490000;3.454845E-001;3.448680E-001
12502000;3.454845E-001;3.448680E-001
12514000;3.454845E-001;3.448680E-001
12526000;3.454845E-001;3.448680E-001
12541000;3.454845E-001;3.449639E-001
12553000;3.454845E-001;3.449639E-001
12564000;3.454845E-001;3.449639E-001
12576000;3.454845E-001;3.449639E-001
12587000;3.454845E-001;3.449639E-001
12599000;3.454845E-001;3.449639E-001
12611000;3.454845E-001;3.449639E-001
12623000;3.454845E-001;3.449639E-001
12634000;3.454845E-001;3.449639E-001
12645000;3.454845E-001;3.449639E-001
12657000;3.454845E-001;3.449639E-001
12668000;3.454845E-001;3.449639E-001
12680000;3.454845E-001;3.449639E-001
12691000;3.454845E-001;3.449639E-001
12702000;3.454845E-001;3.449639E-001
12714000;3.454845E-001;3.449639E-001
12725000;3.454845E-001;3.449639E-001
12737000;3.454845E-001;3.449639E-001
12748000;3.454845E-001;3.449639E-001
12759000;3.454845E-001;3.449639E-001
12770000;3.454845E-001;3.449639E-001
12781000;3.454845E-001;3.449639E-001
12792000;3.454845E-001;3.450598E-001
12803000;3.454845E-001;3.450598E-001
12815000;3.454845E-001;3.450598E-001
12827000;3.454845E-001;3.450598E-001
12839000;3.454845E-001;3.450598E-001
12850000;3.454845E-001;3.450598E-001
12861000;3.454845E-001;3.450598E-001
12873000;3.454845E-001;3.450598E-001
12885000;3.454845E-001;3.450598E-001
12897000;3.454845E-001;3.450598E-001
12909000;3.454845E-001;3.450598E-001
12920000;3.454845E-001;3.450598E-001
12933000;3.454845E-001;3.450598E-001
12945000;3.454845E-001;3.450598E-001
12958000;3.454845E-001;3.450598E-001
12970000;3.454845E-001;3.450598E-001
12982000;3.454845E-001;3.450598E-001
12994000;3.454845E-001;3.450598E-001
13006000;3.454845E-001;3.450598E-001
13018000;3.454845E-001;3.450598E-001
13029000;3.454845E-001;3.450598E-001
13040000;3.454845E-001;3.450598E-001
13051000;3.454845E-001;3.450598E-001
13063000;3.454845E-001;3.450598E-001
13075000;3.454845E-001;3.450598E-001
13088000;3.454845E-001;3.450598E-001
13099000;3.454845E-001;3.450598E-001
13110000;3.454845E-001;3.450598E-001
13122000;3.454845E-001;3.450598E-001
13134000;3.454845E-001;3.450598E-001
13146000;3.454845E-001;3.450598E-001
13157000;3.454845E-001;3.450598E-001
13169000;3.454845E-001;3.450598E-001
13180000;3.454845E-001;3.450598E-001
13191000;3.454845E-001;3.450598E-001
13202000;3.454845E-001;3.450598E-001
13213000;3.454845E-001;3.450598E-001
13225000;3.454845E-001;3.451557E-001
13238000;3.454845E-001;3.451557E-001
13249000;3.454845E-001;3.451557E-001
13263000;3.454845E-001;3.451557E-001
13274000;3.454845E-001;3.451557E-001
13286000;3.454845E-001;3.451557E-001
13299000;3.454845E-001;3.451557E-001
13311000;3.454845E-001;3.451557E-001
13322000;3.454845E-001;3.451557E-001
13334000;3.454845E-001;3.451557E-001
13346000;3.454845E-001;3.451557E-001
13357000;3.454845E-001;3.451557E-001
13368000;3.454845E-001;3.451557E-001
13379000;3.454845E-001;3.451557E-001
13391000;3.454845E-001;3.451557E-001
13403000;3.454845E-001;3.451557E-001
13416000;3.454845E-001;3.451557E-001
13428000;3.454845E-001;3.451557E-001
13439000;3.454845E-001;3.451557E-001
13450000;3.454845E-001;3.451557E-001
13461000;3.454845E-001;3.451557E-001
13473000;3.454845E-001;3.451557E-001
13486000;3.454845E-001;3.451557E-001
13497000;3.454845E-001;3.451557E-001
13508000;3.454845E-001;3.451557E-001
13520000;3.454845E-001;3.451557E-001
13532000;3.454845E-001;3.451557E-001
13542000;3.454845E-001;3.451557E-001
13553000;3.454845E-001;3.451557E-001
13564000;3.454845E-001;3.451557E-001
13576000;3.454845E-001;3.451557E-001
13588000;3.454845E-001;3.451557E-001
13599000;3.454845E-001;3.451557E-001
13610000;3.454845E-001;3.451557E-001
13621000;3.454845E-001;3.451557E-001
13634000;3.454845E-001;3.451557E-001
13647000;3.454845E-001;3.451557E-001
13658000;3.454845E-001;3.451557E-001
13669000;3.454845E-001;3.451557E-001
13681000;3.454845E-001;3.451557E-001
13693000;3.454845E-001;3.451557E-001
13705000;3.454845E-001;3.451557E-001
13718000;3.454845E-001;3.451557E-001
13729000;3.454845E-001;3.451557E-001
13741000;3.454845E-001;3.451557E-001
13754000;3.454845E-001;3.451557E-001
13765000;3.454845E-001;3.451557E-001
13777000;3.454845E-001;3.451557E-001
13789000;3.454845E-001;3.451557E-001
13800000;3.454845E-001;3.451557E-001
13812000;3.454845E-001;3.451557E-001
13824000;3.454845E-001;3.451557E-001
13835000;3.454845E-001;3.451557E-001
13846000;3.454845E-001;3.451557E-001
13857000;3.454845E-001;3.451557E-001
13869000;3.454845E-001;3.451557E-001
13881000;3.454845E-001;3.451557E-001
13892000;3.454845E-001;3.451557E-001
13904000;3.454845E-001;3.451557E-001
13916000;3.454845E-001;3.451557E-001
13927000;3.454845E-001;3.451557E-001
13938000;3.454845E-001;3.451557E-001
13949000;3.454845E-001;3.451557E-001
13960000;3.454845E-001;3.451557E-001
13971000;3.454845E-001;3.451557E-001
13982000;3.454845E-001;3.451557E-001
13993000;3.454845E-001;3.451557E-001
14005000;3.454845E-001;3.451557E-001
14017000;3.454845E-001;3.451557E-001
14028000;3.454845E-001;3.451557E-001
14040000;3.454845E-001;3.451557E-001
14051000;3.454845E-001;3.451557E-001
14063000;3.454845E-001;3.451557E-001
14075000;3.454845E-001;3.451557E-001
14087000;3.454845E-001;3.451557E-001
14099000;3.454845E-001;3.451557E-001
14111000;3.454845E-001;3.451557E-001
14122000;3.454845E-001;3.451557E-001
14133000;3.454845E-001;3.451557E-001
14143000;3.454845E-001;3.451557E-001
14153000;3.454845E-001;3.451557E-001
14165000;3.454845E-001;3.451557E-001
14176000;3.454845E-001;3.451557E-001
14187000;3.454845E-001;3.451557E-001
14199000;3.454845E-001;3.451557E-001
14211000;3.454845E-001;3.451557E-001
14222000;3.454845E-001;3.451557E-001
14234000;3.454845E-001;3.451557E-001
14245000;3.454845E-001;3.451557E-001
14257000;3.454845E-001;3.451557E-001
14268000;3.454845E-001;3.451557E-001
14280000;3.454845E-001;3.451557E-001
14292000;3.454845E-001;3.451557E-001
14304000;3.454845E-001;3.451557E-001
14315000;3.454845E-001;3.451557E-001
14326000;3.454845E-001;3.451557E-001
14336000;3.454845E-001;3.451557E-001
14348000;3.454845E-001;3.451557E-001
14359000;3.454845E-001;3.451557E-001
14371000;3.454845E-001;3.451557E-001
14382000;3.454845E-001;3.451557E-001
14394000;3.454845E-001;3.451557E-001
14406000;3.454845E-001;3.451557E-001
14418000;3.454845E-001;3.451557E-001
14429000;3.454845E-001;3.451557E-001
14441000;3.454845E-001;3.451557E-001
14453000;3.454845E-001;3.451557E-001
14465000;3.454845E-001;3.451557E-001
14476000;3.454845E-001;3.451557E-001
14488000;3.454845E-001;3.451557E-001
14499000;3.454845E-001;3.451557E-001
14511000;3.454845E-001;3.451557E-001
14523000;3.454845E-001;3.451557E-001
14535000;3.454845E-001;3.451557E-001
14546000;3.454845E-001;3.451557E-001
14558000;3.454845E-001;3.451557E-001
14571000;3.454845E-001;3.451557E-001
14582000;3.454845E-001;3.451557E-001
14594000;3.454845E-001;3.451557E-001
14606000;3.454845E-001;3.451557E-001
14617000;3.454845E-001;3.451557E-001
14629000;3.454845E-001;3.451557E-001
14640000;3.454845E-001;3.451557E-001
14651000;3.454845E-001;3.451557E-001
14663000;3.454845E-001;3.451557E-001
14675000;3.454845E-001;3.451557E-001
14686000;3.454845E-001;3.451557E-001
14698000;3.454845E-001;3.451557E-001
14710000;3.454845E-001;3.451557E-001
14722000;3.454845E-001;3.451557E-001
14733000;3.454845E-001;3.451557E-001
14745000;3.454845E-001;3.451557E-001
14757000;3.454845E-001;3.451557E-001
14769000;3.454845E-001;3.451557E-001
14781000;3.454845E-001;3.451557E-001
14793000;3.454845E-001;3.451557E-001
14804000;3.454845E-001;3.451557E-001
14816000;3.454845E-001;3.451557E-001
14827000;3.454845E-001;3.451557E-001
14838000;3.454845E-001;3.451557E-001
14850000;3.454845E-001;3.451557E-001
14862000;3.454845E-001;3.451557E-001
14873000;3.454845E-001;3.451557E-001
