Timestamp;target;measure;target;measure
0;0.000000E+000;4.738569E-006;2.775649E-001;0.000000E+000
14000;0.000000E+000;4.738569E-006;2.775156E-001;0.000000E+000
27000;0.000000E+000;4.738569E-006;2.774702E-001;0.000000E+000
39000;0.000000E+000;4.738569E-006;2.774209E-001;0.000000E+000
52000;0.000000E+000;4.738569E-006;2.773716E-001;0.000000E+000
65000;0.000000E+000;4.738569E-006;2.773261E-001;0.000000E+000
77000;0.000000E+000;4.738569E-006;2.772806E-001;0.000000E+000
89000;0.000000E+000;4.738569E-006;2.772313E-001;0.000000E+000
101000;0.000000E+000;4.738569E-006;2.771859E-001;0.000000E+000
116000;0.000000E+000;4.738569E-006;2.771328E-001;0.000000E+000
129000;0.000000E+000;4.738569E-006;2.770797E-001;0.000000E+000
142000;0.000000E+000;4.738569E-006;2.770304E-001;0.000000E+000
155000;0.000000E+000;4.738569E-006;2.769811E-001;0.000000E+000
168000;0.000000E+000;4.738569E-006;2.769319E-001;0.000000E+000
181000;0.000000E+000;4.738569E-006;2.768826E-001;0.000000E+000
194000;0.000000E+000;4.738569E-006;2.768333E-001;0.000000E+000
207000;0.000000E+000;4.738569E-006;2.767878E-001;0.000000E+000
219000;0.000000E+000;4.738569E-006;2.767385E-001;0.000000E+000
233000;0.000000E+000;4.738569E-006;2.766854E-001;0.000000E+000
247000;0.000000E+000;4.738569E-006;2.766362E-001;0.000000E+000
259000;0.000000E+000;4.738569E-006;2.765869E-001;0.000000E+000
273000;0.000000E+000;4.738569E-006;2.765376E-001;0.000000E+000
286000;0.000000E+000;4.738569E-006;2.764883E-001;0.000000E+000
298000;0.000000E+000;4.738569E-006;2.764390E-001;0.000000E+000
311000;0.000000E+000;4.738569E-006;2.763860E-001;0.000000E+000
325000;0.000000E+000;4.738569E-006;2.763367E-001;0.000000E+000
339000;0.000000E+000;4.738569E-006;2.762836E-001;0.000000E+000
352000;0.000000E+000;4.738569E-006;2.762344E-001;0.000000E+000
366000;0.000000E+000;4.738569E-006;2.761851E-001;0.000000E+000
379000;0.000000E+000;4.738569E-006;2.761320E-001;0.000000E+000
392000;0.000000E+000;4.738569E-006;2.760827E-001;0.000000E+000
406000;0.000000E+000;4.738569E-006;2.760296E-001;0.000000E+000
420000;0.000000E+000;4.738569E-006;2.759728E-001;0.000000E+000
433000;0.000000E+000;4.738569E-006;2.759235E-001;0.000000E+000
447000;0.000000E+000;4.738569E-006;2.758742E-001;0.000000E+000
460000;0.000000E+000;4.738569E-006;2.758249E-001;0.000000E+000
474000;0.000000E+000;4.738569E-006;2.757719E-001;0.000000E+000
487000;0.000000E+000;4.738569E-006;2.757264E-001;0.000000E+000
499000;0.000000E+000;4.738569E-006;2.756809E-001;0.000000E+000
512000;0.000000E+000;4.738569E-006;2.756278E-001;0.000000E+000
526000;0.000000E+000;4.738569E-006;2.755747E-001;0.000000E+000
539000;0.000000E+000;4.738569E-006;2.755255E-001;0.000000E+000
552000;0.000000E+000;4.738569E-006;2.754762E-001;0.000000E+000
564000;0.000000E+000;4.738569E-006;2.754307E-001;0.000000E+000
577000;0.000000E+000;4.738569E-006;2.753852E-001;0.000000E+000
589000;0.000000E+000;4.738569E-006;2.753359E-001;0.000000E+000
601000;0.000000E+000;4.738569E-006;2.752904E-001;0.000000E+000
614000;0.000000E+000;4.738569E-006;2.752411E-001;0.000000E+000
627000;0.000000E+000;4.738569E-006;2.751881E-001;0.000000E+000
642000;0.000000E+000;4.738569E-006;2.751350E-001;0.000000E+000
656000;0.000000E+000;4.738569E-006;2.750819E-001;0.000000E+000
669000;0.000000E+000;4.738569E-006;2.750326E-001;0.000000E+000
682000;0.000000E+000;4.738569E-006;2.749834E-001;0.000000E+000
695000;0.000000E+000;4.738569E-006;2.749341E-001;0.000000E+000
709000;0.000000E+000;4.738569E-006;2.748810E-001;0.000000E+000
722000;0.000000E+000;4.738569E-006;2.748279E-001;0.000000E+000
736000;0.000000E+000;4.738569E-006;2.747749E-001;0.000000E+000
750000;0.000000E+000;4.738569E-006;2.747256E-001;0.000000E+000
764000;0.000000E+000;4.738569E-006;2.746725E-001;0.000000E+000
778000;0.000000E+000;4.738569E-006;2.746194E-001;0.000000E+000
791000;0.000000E+000;4.738569E-006;2.745702E-001;0.000000E+000
804000;0.000000E+000;4.738569E-006;2.745247E-001;0.000000E+000
818000;0.000000E+000;4.738569E-006;2.744678E-001;0.000000E+000
830000;0.000000E+000;4.738569E-006;2.744223E-001;0.000000E+000
844000;0.000000E+000;4.738569E-006;2.743692E-001;0.000000E+000
857000;0.000000E+000;4.738569E-006;2.743200E-001;0.000000E+000
870000;0.000000E+000;4.738569E-006;2.742707E-001;0.000000E+000
883000;0.000000E+000;4.738569E-006;2.742214E-001;0.000000E+000
897000;0.000000E+000;4.738569E-006;2.741721E-001;0.000000E+000
910000;0.000000E+000;4.738569E-006;2.741190E-001;0.000000E+000
924000;0.000000E+000;4.738569E-006;2.740660E-001;0.000000E+000
937000;0.000000E+000;4.738569E-006;2.740167E-001;0.000000E+000
951000;0.000000E+000;4.738569E-006;2.739636E-001;0.000000E+000
965000;0.000000E+000;4.738569E-006;2.739106E-001;0.000000E+000
977000;0.000000E+000;4.738569E-006;2.738651E-001;0.000000E+000
990000;0.000000E+000;4.738569E-006;2.738158E-001;0.000000E+000
1002000;0.000000E+000;4.738569E-006;2.737703E-001;0.000000E+000
1016000;0.000000E+000;4.738569E-006;2.737172E-001;0.000000E+000
1028000;0.000000E+000;4.738569E-006;2.736717E-001;0.000000E+000
1041000;0.000000E+000;4.738569E-006;2.736225E-001;0.000000E+000
1053000;0.000000E+000;4.738569E-006;2.735769E-001;0.000000E+000
1066000;0.000000E+000;4.738569E-006;2.735277E-001;0.000000E+000
1079000;0.000000E+000;4.738569E-006;2.734784E-001;0.000000E+000
1093000;0.000000E+000;4.738569E-006;2.734253E-001;0.000000E+000
1106000;0.000000E+000;4.738569E-006;2.733760E-001;0.000000E+000
1118000;0.000000E+000;4.738569E-006;2.733305E-001;0.000000E+000
1130000;0.000000E+000;4.738569E-006;2.732851E-001;0.000000E+000
1144000;0.000000E+000;4.738569E-006;2.732358E-001;0.000000E+000
1156000;0.000000E+000;4.738569E-006;2.731865E-001;0.000000E+000
1169000;0.000000E+000;4.738569E-006;2.731372E-001;0.000000E+000
1182000;0.000000E+000;4.738569E-006;2.730879E-001;0.000000E+000
1195000;0.000000E+000;4.738569E-006;2.730387E-001;0.000000E+000
1207000;0.000000E+000;4.738569E-006;2.729553E-001;0.000000E+000
1229000;0.000000E+000;4.738569E-006;2.729098E-001;0.000000E+000
1242000;0.000000E+000;4.738569E-006;2.728605E-001;0.000000E+000
1256000;0.000000E+000;4.738569E-006;2.728112E-001;0.000000E+000
1269000;0.000000E+000;4.738569E-006;2.727619E-001;0.000000E+000
1281000;0.000000E+000;4.738569E-006;2.727126E-001;0.000000E+000
1293000;0.000000E+000;4.738569E-006;2.726671E-001;0.000000E+000
1306000;0.000000E+000;4.738569E-006;2.726179E-001;0.000000E+000
1319000;0.000000E+000;4.738569E-006;2.725686E-001;0.000000E+000
1333000;0.000000E+000;4.738569E-006;2.725193E-001;0.000000E+000
1345000;0.000000E+000;4.738569E-006;2.724700E-001;0.000000E+000
1357000;0.000000E+000;4.738569E-006;2.724245E-001;0.000000E+000
1371000;0.000000E+000;4.738569E-006;2.723715E-001;0.000000E+000
1384000;0.000000E+000;4.738569E-006;2.723222E-001;0.000000E+000
1397000;0.000000E+000;4.738569E-006;2.722729E-001;0.000000E+000
1409000;0.000000E+000;4.738569E-006;2.722274E-001;0.000000E+000
1422000;0.000000E+000;4.738569E-006;2.721781E-001;0.000000E+000
1434000;0.000000E+000;4.738569E-006;2.721326E-001;0.000000E+000
1446000;0.000000E+000;4.738569E-006;2.720872E-001;0.000000E+000
1459000;0.000000E+000;4.738569E-006;2.720379E-001;0.000000E+000
1471000;0.000000E+000;4.738569E-006;2.719924E-001;0.000000E+000
1484000;0.000000E+000;4.738569E-006;2.719431E-001;0.000000E+000
1497000;0.000000E+000;4.738569E-006;2.718938E-001;0.000000E+000
1510000;0.000000E+000;4.738569E-006;2.718483E-001;0.000000E+000
1522000;0.000000E+000;4.738569E-006;2.717991E-001;0.000000E+000
1534000;0.000000E+000;4.738569E-006;2.717535E-001;0.000000E+000
1546000;0.000000E+000;4.738569E-006;2.717081E-001;0.000000E+000
1558000;0.000000E+000;4.738569E-006;2.716626E-001;0.000000E+000
1570000;0.000000E+000;4.738569E-006;2.716171E-001;0.000000E+000
1583000;0.000000E+000;4.738569E-006;2.715678E-001;0.000000E+000
1596000;0.000000E+000;4.738569E-006;2.715185E-001;0.000000E+000
1608000;0.000000E+000;4.738569E-006;2.714730E-001;0.000000E+000
1621000;0.000000E+000;4.738569E-006;2.714238E-001;0.000000E+000
1635000;0.000000E+000;4.738569E-006;2.713707E-001;0.000000E+000
1649000;0.000000E+000;4.738569E-006;2.713176E-001;0.000000E+000
1663000;0.000000E+000;4.738569E-006;2.712645E-001;0.000000E+000
1676000;0.000000E+000;4.738569E-006;2.712190E-001;0.000000E+000
1688000;0.000000E+000;4.738569E-006;2.711698E-001;0.000000E+000
1701000;0.000000E+000;4.738569E-006;2.711205E-001;0.000000E+000
1713000;0.000000E+000;4.738569E-006;2.710750E-001;0.000000E+000
1726000;0.000000E+000;4.738569E-006;2.710257E-001;0.000000E+000
1738000;0.000000E+000;4.738569E-006;2.709840E-001;0.000000E+000
1750000;0.000000E+000;4.738569E-006;2.709347E-001;0.000000E+000
1763000;0.000000E+000;4.738569E-006;2.708854E-001;0.000000E+000
1775000;0.000000E+000;4.738569E-006;2.708400E-001;0.000000E+000
1787000;0.000000E+000;4.738569E-006;2.707945E-001;0.000000E+000
1799000;0.000000E+000;4.738569E-006;2.707490E-001;0.000000E+000
1811000;0.000000E+000;4.738569E-006;2.707035E-001;0.000000E+000
1824000;0.000000E+000;4.738569E-006;2.706542E-001;0.000000E+000
1837000;0.000000E+000;4.738569E-006;2.706049E-001;0.000000E+000
1850000;0.000000E+000;4.738569E-006;2.705556E-001;0.000000E+000
1862000;0.000000E+000;4.738569E-006;2.705102E-001;0.000000E+000
1874000;0.000000E+000;4.738569E-006;2.704647E-001;0.000000E+000
1887000;0.000000E+000;4.738569E-006;2.704192E-001;0.000000E+000
1900000;0.000000E+000;4.738569E-006;2.703661E-001;0.000000E+000
1914000;0.000000E+000;4.738569E-006;2.703130E-001;0.000000E+000
1927000;0.000000E+000;4.738569E-006;2.702638E-001;0.000000E+000
1940000;0.000000E+000;4.738569E-006;2.702145E-001;0.000000E+000
1953000;0.000000E+000;4.738569E-006;2.701652E-001;0.000000E+000
1965000;0.000000E+000;4.738569E-006;2.701197E-001;0.000000E+000
1980000;0.000000E+000;4.738569E-006;2.700666E-001;0.000000E+000
1992000;0.000000E+000;4.738569E-006;2.700174E-001;0.000000E+000
2006000;0.000000E+000;4.738569E-006;2.699643E-001;0.000000E+000
2020000;0.000000E+000;4.738569E-006;2.699112E-001;0.000000E+000
2032000;0.000000E+000;4.738569E-006;2.698657E-001;0.000000E+000
2046000;0.000000E+000;4.738569E-006;2.698126E-001;0.000000E+000
2058000;0.000000E+000;4.738569E-006;2.697671E-001;0.000000E+000
2070000;0.000000E+000;4.738569E-006;2.697217E-001;0.000000E+000
2083000;0.000000E+000;4.738569E-006;2.696724E-001;0.000000E+000
2097000;0.000000E+000;4.738569E-006;2.696193E-001;0.000000E+000
2111000;0.000000E+000;4.738569E-006;2.695662E-001;0.000000E+000
2125000;0.000000E+000;4.738569E-006;2.695132E-001;0.000000E+000
2139000;0.000000E+000;4.738569E-006;2.694639E-001;0.000000E+000
2153000;0.000000E+000;4.738569E-006;2.694070E-001;0.000000E+000
2166000;0.000000E+000;4.738569E-006;2.693615E-001;0.000000E+000
2179000;0.000000E+000;4.738569E-006;2.693084E-001;0.000000E+000
2192000;0.000000E+000;4.738569E-006;2.692592E-001;0.000000E+000
2205000;0.000000E+000;4.738569E-006;2.691606E-001;0.000000E+000
2232000;0.000000E+000;4.738569E-006;2.691076E-001;0.000000E+000
2246000;0.000000E+000;4.738569E-006;2.690545E-001;0.000000E+000
2259000;0.000000E+000;4.738569E-006;2.690052E-001;0.000000E+000
2273000;0.000000E+000;4.738569E-006;2.689521E-001;0.000000E+000
2286000;0.000000E+000;4.738569E-006;2.689066E-001;0.000000E+000
2299000;0.000000E+000;4.738569E-006;2.688535E-001;0.000000E+000
2312000;0.000000E+000;4.738569E-006;2.688081E-001;0.000000E+000
2324000;0.000000E+000;4.738569E-006;2.687588E-001;0.000000E+000
2338000;0.000000E+000;4.738569E-006;2.687057E-001;0.000000E+000
2351000;0.000000E+000;4.738569E-006;2.686564E-001;0.000000E+000
2364000;0.000000E+000;4.738569E-006;2.686109E-001;0.000000E+000
2376000;0.000000E+000;4.738569E-006;2.685654E-001;0.000000E+000
2389000;0.000000E+000;4.738569E-006;2.685162E-001;0.000000E+000
2401000;0.000000E+000;4.738569E-006;2.684669E-001;0.000000E+000
2414000;0.000000E+000;4.738569E-006;2.684176E-001;0.000000E+000
2427000;0.000000E+000;4.738569E-006;2.683683E-001;0.000000E+000
2439000;0.000000E+000;4.738569E-006;2.683266E-001;0.000000E+000
2451000;0.000000E+000;4.738569E-006;2.682736E-001;0.000000E+000
2465000;0.000000E+000;4.738569E-006;2.682205E-001;0.000000E+000
2479000;0.000000E+000;4.738569E-006;2.681712E-001;0.000000E+000
2492000;0.000000E+000;4.738569E-006;2.681219E-001;0.000000E+000
2506000;0.000000E+000;4.738569E-006;2.680689E-001;0.000000E+000
2519000;0.000000E+000;4.738569E-006;2.680196E-001;0.000000E+000
2533000;0.000000E+000;4.738569E-006;2.679665E-001;0.000000E+000
2546000;0.000000E+000;4.738569E-006;2.679134E-001;0.000000E+000
2559000;0.000000E+000;4.738569E-006;2.678679E-001;0.000000E+000
2571000;0.000000E+000;4.738569E-006;2.678224E-001;0.000000E+000
2584000;0.000000E+000;4.738569E-006;2.677732E-001;0.000000E+000
2597000;0.000000E+000;4.738569E-006;2.677239E-001;0.000000E+000
2611000;0.000000E+000;4.738569E-006;2.676746E-001;0.000000E+000
2623000;0.000000E+000;4.738569E-006;2.676291E-001;0.000000E+000
2636000;0.000000E+000;4.738569E-006;2.675760E-001;0.000000E+000
2649000;0.000000E+000;4.738569E-006;2.675305E-001;0.000000E+000
2662000;0.000000E+000;4.738569E-006;2.674813E-001;0.000000E+000
2674000;0.000000E+000;4.738569E-006;2.674358E-001;0.000000E+000
2686000;0.000000E+000;4.738569E-006;2.673865E-001;0.000000E+000
2699000;0.000000E+000;4.738569E-006;2.673372E-001;0.000000E+000
2712000;0.000000E+000;4.738569E-006;2.672879E-001;0.000000E+000
2725000;0.000000E+000;4.738569E-006;2.672386E-001;0.000000E+000
2737000;0.000000E+000;4.738569E-006;2.671932E-001;0.000000E+000
2750000;0.000000E+000;4.738569E-006;2.671439E-001;0.000000E+000
2762000;0.000000E+000;4.738569E-006;2.670984E-001;0.000000E+000
2774000;0.000000E+000;4.738569E-006;2.670529E-001;0.000000E+000
2786000;0.000000E+000;4.738569E-006;2.670074E-001;0.000000E+000
2798000;0.000000E+000;4.738569E-006;2.669619E-001;0.000000E+000
2811000;0.000000E+000;4.738569E-006;2.669126E-001;0.000000E+000
2824000;0.000000E+000;4.738569E-006;2.668633E-001;0.000000E+000
2837000;0.000000E+000;4.738569E-006;2.668141E-001;0.000000E+000
2850000;0.000000E+000;4.738569E-006;2.667648E-001;0.000000E+000
2862000;0.000000E+000;4.738569E-006;2.667193E-001;0.000000E+000
2875000;0.000000E+000;4.738569E-006;2.666700E-001;0.000000E+000
2887000;0.000000E+000;4.738569E-006;2.666245E-001;0.000000E+000
2900000;0.000000E+000;4.738569E-006;2.665790E-001;0.000000E+000
2912000;0.000000E+000;4.738569E-006;2.665298E-001;0.000000E+000
2924000;0.000000E+000;4.738569E-006;2.664843E-001;0.000000E+000
2937000;0.000000E+000;4.738569E-006;2.664350E-001;0.000000E+000
2949000;0.000000E+000;4.738569E-006;2.663895E-001;0.000000E+000
2961000;0.000000E+000;4.738569E-006;2.663440E-001;0.000000E+000
2974000;0.000000E+000;4.738569E-006;2.662909E-001;0.000000E+000
2987000;0.000000E+000;4.738569E-006;2.662455E-001;0.000000E+000
3000000;0.000000E+000;4.738569E-006;2.661962E-001;0.000000E+000
3012000;0.000000E+000;4.738569E-006;2.661507E-001;0.000000E+000
3024000;0.000000E+000;4.738569E-006;2.661052E-001;0.000000E+000
3036000;0.000000E+000;4.738569E-006;2.660597E-001;0.000000E+000
3048000;0.000000E+000;4.738569E-006;2.660142E-001;0.000000E+000
3061000;0.000000E+000;4.738569E-006;2.659649E-001;0.000000E+000
3073000;0.000000E+000;4.738569E-006;2.659194E-001;0.000000E+000
3085000;0.000000E+000;4.738569E-006;2.658739E-001;0.000000E+000
3098000;0.000000E+000;4.738569E-006;2.658246E-001;0.000000E+000
3111000;0.000000E+000;4.738569E-006;2.657754E-001;0.000000E+000
3124000;0.000000E+000;4.738569E-006;2.657261E-001;0.000000E+000
3136000;0.000000E+000;4.738569E-006;2.656806E-001;0.000000E+000
3149000;0.000000E+000;4.738569E-006;2.656313E-001;0.000000E+000
3163000;0.000000E+000;4.738569E-006;2.655745E-001;0.000000E+000
3177000;0.000000E+000;4.738569E-006;2.655214E-001;0.000000E+000
3190000;0.000000E+000;4.738569E-006;2.654721E-001;0.000000E+000
3203000;0.000000E+000;4.738569E-006;2.654266E-001;0.000000E+000
3215000;0.000000E+000;4.738569E-006;2.653811E-001;0.000000E+000
3229000;0.000000E+000;4.738569E-006;2.653280E-001;0.000000E+000
3242000;0.000000E+000;4.738569E-006;2.652788E-001;0.000000E+000
3255000;0.000000E+000;4.738569E-006;2.652295E-001;0.000000E+000
3267000;0.000000E+000;4.738569E-006;2.651840E-001;0.000000E+000
3279000;0.000000E+000;4.738569E-006;2.651385E-001;0.000000E+000
3292000;0.000000E+000;4.738569E-006;2.650892E-001;0.000000E+000
3304000;0.000000E+000;4.738569E-006;2.650437E-001;0.000000E+000
3317000;0.000000E+000;4.738569E-006;2.649945E-001;0.000000E+000
3329000;0.000000E+000;4.738569E-006;2.649490E-001;0.000000E+000
3342000;0.000000E+000;4.738569E-006;2.648997E-001;0.000000E+000
3355000;0.000000E+000;4.738569E-006;2.648504E-001;0.000000E+000
3367000;0.000000E+000;4.738569E-006;2.648049E-001;0.000000E+000
3380000;0.000000E+000;4.738569E-006;2.647556E-001;0.000000E+000
3393000;0.000000E+000;4.738569E-006;2.647102E-001;0.000000E+000
3405000;0.000000E+000;4.738569E-006;2.646646E-001;0.000000E+000
3417000;0.000000E+000;4.738569E-006;2.646154E-001;0.000000E+000
3431000;0.000000E+000;4.738569E-006;2.645623E-001;0.000000E+000
3444000;0.000000E+000;4.738569E-006;2.645130E-001;0.000000E+000
3457000;0.000000E+000;4.738569E-006;2.644638E-001;0.000000E+000
3470000;0.000000E+000;4.738569E-006;2.644145E-001;0.000000E+000
3484000;0.000000E+000;4.738569E-006;2.643652E-001;0.000000E+000
3496000;0.000000E+000;4.738569E-006;2.643159E-001;0.000000E+000
3510000;0.000000E+000;4.738569E-006;2.642666E-001;0.000000E+000
3522000;0.000000E+000;4.738569E-006;2.642173E-001;0.000000E+000
3536000;0.000000E+000;4.738569E-006;2.641643E-001;0.000000E+000
3549000;0.000000E+000;4.738569E-006;2.641150E-001;0.000000E+000
3563000;0.000000E+000;4.738569E-006;2.640619E-001;0.000000E+000
3576000;0.000000E+000;4.738569E-006;2.640126E-001;0.000000E+000
3588000;0.000000E+000;4.738569E-006;2.639671E-001;0.000000E+000
3602000;0.000000E+000;4.738569E-006;2.639141E-001;0.000000E+000
3615000;0.000000E+000;4.738569E-006;2.638648E-001;0.000000E+000
3628000;0.000000E+000;4.738569E-006;2.638155E-001;0.000000E+000
3641000;0.000000E+000;4.738569E-006;2.637662E-001;0.000000E+000
3654000;0.000000E+000;4.738569E-006;2.637169E-001;0.000000E+000
3667000;0.000000E+000;4.738569E-006;2.636677E-001;0.000000E+000
3680000;0.000000E+000;4.738569E-006;2.636184E-001;0.000000E+000
3694000;0.000000E+000;4.738569E-006;2.635653E-001;0.000000E+000
3707000;0.000000E+000;4.738569E-006;2.635160E-001;0.000000E+000
3719000;0.000000E+000;4.738569E-006;2.634667E-001;0.000000E+000
3733000;0.000000E+000;4.738569E-006;2.634175E-001;0.000000E+000
3746000;0.000000E+000;4.738569E-006;2.633644E-001;0.000000E+000
3760000;0.000000E+000;4.738569E-006;2.633151E-001;0.000000E+000
3773000;0.000000E+000;4.738569E-006;2.632658E-001;0.000000E+000
3786000;0.000000E+000;4.738569E-006;2.632128E-001;0.000000E+000
3800000;0.000000E+000;4.738569E-006;2.631635E-001;0.000000E+000
3812000;0.000000E+000;4.738569E-006;2.631180E-001;0.000000E+000
3825000;0.000000E+000;4.738569E-006;2.630687E-001;0.000000E+000
3839000;0.000000E+000;4.738569E-006;2.630156E-001;0.000000E+000
3852000;0.000000E+000;4.738569E-006;2.629664E-001;0.000000E+000
3865000;0.000000E+000;4.738569E-006;2.629171E-001;0.000000E+000
3877000;0.000000E+000;4.738569E-006;2.628678E-001;0.000000E+000
3891000;0.000000E+000;4.738569E-006;2.628185E-001;0.000000E+000
3903000;0.000000E+000;4.738569E-006;2.627730E-001;0.000000E+000
3915000;0.000000E+000;4.738569E-006;2.627275E-001;0.000000E+000
3927000;0.000000E+000;4.738569E-006;2.626821E-001;0.000000E+000
3939000;0.000000E+000;4.738569E-006;2.626365E-001;0.000000E+000
3952000;0.000000E+000;4.738569E-006;2.625835E-001;0.000000E+000
3966000;0.000000E+000;4.738569E-006;2.625380E-001;0.000000E+000
3979000;0.000000E+000;4.738569E-006;2.624887E-001;0.000000E+000
3991000;0.000000E+000;4.738569E-006;2.624394E-001;0.000000E+000
4003000;0.000000E+000;4.738569E-006;2.623939E-001;0.000000E+000
4017000;0.000000E+000;4.738569E-006;2.623409E-001;0.000000E+000
4030000;0.000000E+000;4.738569E-006;2.622916E-001;0.000000E+000
4044000;0.000000E+000;4.738569E-006;2.622347E-001;0.000000E+000
4057000;0.000000E+000;4.738569E-006;2.621854E-001;0.000000E+000
4070000;0.000000E+000;4.738569E-006;2.621362E-001;0.000000E+000
4083000;0.000000E+000;4.738569E-006;2.620907E-001;0.000000E+000
4098000;0.000000E+000;4.738569E-006;2.620300E-001;0.000000E+000
4112000;0.000000E+000;4.738569E-006;2.619807E-001;0.000000E+000
4125000;0.000000E+000;4.738569E-006;2.619314E-001;0.000000E+000
4138000;0.000000E+000;4.738569E-006;2.618822E-001;0.000000E+000
4151000;0.000000E+000;4.738569E-006;2.618329E-001;0.000000E+000
4165000;0.000000E+000;4.738569E-006;2.617798E-001;0.000000E+000
4179000;0.000000E+000;4.738569E-006;2.617267E-001;0.000000E+000
4191000;0.000000E+000;4.738569E-006;2.616813E-001;0.000000E+000
4205000;0.000000E+000;4.738569E-006;2.616282E-001;0.000000E+000
4218000;0.000000E+000;4.738569E-006;2.615789E-001;0.000000E+000
4231000;0.000000E+000;4.738569E-006;2.615296E-001;0.000000E+000
4244000;0.000000E+000;4.738569E-006;2.614803E-001;0.000000E+000
4257000;0.000000E+000;4.738569E-006;2.614311E-001;0.000000E+000
4270000;0.000000E+000;4.738569E-006;2.613818E-001;0.000000E+000
4283000;0.000000E+000;4.738569E-006;2.613325E-001;0.000000E+000
4296000;0.000000E+000;4.738569E-006;2.612832E-001;0.000000E+000
4309000;0.000000E+000;4.738569E-006;2.612301E-001;0.000000E+000
4323000;0.000000E+000;4.738569E-006;2.611808E-001;0.000000E+000
4337000;0.000000E+000;4.738569E-006;2.611278E-001;0.000000E+000
4350000;0.000000E+000;4.738569E-006;2.610785E-001;0.000000E+000
4363000;0.000000E+000;4.738569E-006;2.610292E-001;0.000000E+000
4375000;0.000000E+000;4.738569E-006;2.609837E-001;0.000000E+000
4388000;0.000000E+000;4.738569E-006;2.609344E-001;0.000000E+000
4402000;0.000000E+000;4.738569E-006;2.608814E-001;0.000000E+000
4416000;0.000000E+000;4.738569E-006;2.608283E-001;0.000000E+000
4428000;0.000000E+000;4.738569E-006;2.607828E-001;0.000000E+000
4442000;0.000000E+000;4.738569E-006;2.607298E-001;0.000000E+000
4456000;0.000000E+000;4.738569E-006;2.606767E-001;0.000000E+000
4469000;0.000000E+000;4.738569E-006;2.606274E-001;0.000000E+000
4482000;0.000000E+000;4.738569E-006;2.605781E-001;0.000000E+000
4496000;0.000000E+000;4.738569E-006;2.605250E-001;0.000000E+000
4509000;0.000000E+000;4.738569E-006;2.604758E-001;0.000000E+000
4522000;0.000000E+000;4.738569E-006;2.604265E-001;0.000000E+000
4536000;0.000000E+000;4.738569E-006;2.603734E-001;0.000000E+000
4549000;0.000000E+000;4.738569E-006;2.603241E-001;0.000000E+000
4563000;0.000000E+000;4.738569E-006;2.602710E-001;0.000000E+000
4577000;0.000000E+000;4.738569E-006;2.602180E-001;0.000000E+000
4591000;0.000000E+000;4.738569E-006;2.601649E-001;0.000000E+000
4605000;0.000000E+000;4.738569E-006;2.601118E-001;0.000000E+000
4618000;0.000000E+000;4.738569E-006;2.600625E-001;0.000000E+000
4632000;0.000000E+000;4.738569E-006;2.600095E-001;0.000000E+000
4646000;0.000000E+000;4.738569E-006;2.599564E-001;0.000000E+000
4659000;0.000000E+000;4.738569E-006;2.599033E-001;0.000000E+000
4673000;0.000000E+000;4.738569E-006;2.598503E-001;0.000000E+000
4686000;0.000000E+000;4.738569E-006;2.598048E-001;0.000000E+000
4699000;0.000000E+000;4.738569E-006;2.597555E-001;0.000000E+000
4711000;0.000000E+000;4.738569E-006;2.597100E-001;0.000000E+000
4723000;0.000000E+000;4.738569E-006;2.596645E-001;0.000000E+000
4736000;0.000000E+000;4.738569E-006;2.596190E-001;0.000000E+000
4748000;0.000000E+000;4.738569E-006;2.595697E-001;0.000000E+000
4760000;0.000000E+000;4.738569E-006;2.595205E-001;0.000000E+000
4773000;0.000000E+000;4.738569E-006;2.594712E-001;0.000000E+000
4786000;0.000000E+000;4.738569E-006;2.594219E-001;0.000000E+000
4801000;0.000000E+000;4.738569E-006;2.593688E-001;0.000000E+000
4813000;0.000000E+000;4.738569E-006;2.593233E-001;0.000000E+000
4826000;0.000000E+000;4.738569E-006;2.592741E-001;0.000000E+000
4839000;0.000000E+000;4.738569E-006;2.592248E-001;0.000000E+000
4852000;0.000000E+000;4.738569E-006;2.591717E-001;0.000000E+000
4866000;0.000000E+000;4.738569E-006;2.591186E-001;0.000000E+000
4879000;0.000000E+000;4.738569E-006;2.590694E-001;0.000000E+000
4893000;0.000000E+000;4.738569E-006;2.590201E-001;0.000000E+000
4906000;0.000000E+000;4.738569E-006;2.589708E-001;0.000000E+000
4920000;0.000000E+000;4.738569E-006;2.589177E-001;0.000000E+000
4934000;0.000000E+000;4.738569E-006;2.588646E-001;0.000000E+000
4949000;0.000000E+000;4.738569E-006;2.588078E-001;0.000000E+000
4961000;0.000000E+000;4.738569E-006;2.587623E-001;0.000000E+000
4975000;0.000000E+000;4.738569E-006;2.587092E-001;0.000000E+000
4988000;0.000000E+000;4.738569E-006;2.586599E-001;0.000000E+000
5001000;0.000000E+000;4.738569E-006;2.586069E-001;0.000000E+000
5015000;0.000000E+000;4.738569E-006;2.585576E-001;0.000000E+000
5028000;0.000000E+000;4.738569E-006;2.585083E-001;0.000000E+000
5041000;0.000000E+000;4.738569E-006;2.584590E-001;0.000000E+000
5055000;0.000000E+000;4.738569E-006;2.584060E-001;0.000000E+000
5067000;0.000000E+000;4.738569E-006;2.583605E-001;0.000000E+000
5080000;0.000000E+000;4.738569E-006;2.583112E-001;0.000000E+000
5093000;0.000000E+000;4.738569E-006;2.582619E-001;0.000000E+000
5106000;0.000000E+000;4.738569E-006;2.582126E-001;0.000000E+000
5120000;0.000000E+000;4.738569E-006;2.581595E-001;0.000000E+000
5133000;0.000000E+000;4.738569E-006;2.581103E-001;0.000000E+000
5145000;0.000000E+000;4.738569E-006;2.580648E-001;0.000000E+000
5157000;0.000000E+000;4.738569E-006;2.580193E-001;0.000000E+000
5169000;0.000000E+000;4.738569E-006;2.579738E-001;0.000000E+000
5182000;0.000000E+000;4.738569E-006;2.579207E-001;0.000000E+000
5195000;0.000000E+000;4.738569E-006;2.578752E-001;0.000000E+000
5209000;0.000000E+000;4.738569E-006;2.578222E-001;0.000000E+000
5223000;0.000000E+000;4.738569E-006;2.577691E-001;0.000000E+000
5237000;0.000000E+000;4.738569E-006;2.577160E-001;0.000000E+000
5250000;0.000000E+000;4.738569E-006;2.576667E-001;0.000000E+000
5263000;0.000000E+000;4.738569E-006;2.576137E-001;0.000000E+000
5277000;0.000000E+000;4.738569E-006;2.575644E-001;0.000000E+000
5291000;0.000000E+000;4.738569E-006;2.575113E-001;0.000000E+000
5304000;0.000000E+000;4.738569E-006;2.574620E-001;0.000000E+000
5317000;0.000000E+000;4.738569E-006;2.574165E-001;0.000000E+000
5329000;0.000000E+000;4.738569E-006;2.573673E-001;0.000000E+000
5341000;0.000000E+000;4.738569E-006;2.573218E-001;0.000000E+000
5354000;0.000000E+000;4.738569E-006;2.572725E-001;0.000000E+000
5366000;0.000000E+000;4.738569E-006;2.572270E-001;0.000000E+000
5380000;0.000000E+000;4.738569E-006;2.571739E-001;0.000000E+000
5393000;0.000000E+000;4.738569E-006;2.571246E-001;0.000000E+000
5405000;0.000000E+000;4.738569E-006;2.570792E-001;0.000000E+000
5419000;0.000000E+000;4.738569E-006;2.570261E-001;0.000000E+000
5432000;0.000000E+000;4.738569E-006;2.569768E-001;0.000000E+000
5446000;0.000000E+000;4.738569E-006;2.569237E-001;0.000000E+000
5459000;0.000000E+000;4.738569E-006;2.568744E-001;0.000000E+000
5473000;0.000000E+000;4.738569E-006;2.568176E-001;0.000000E+000
5486000;0.000000E+000;4.738569E-006;2.567683E-001;0.000000E+000
5500000;0.000000E+000;4.738569E-006;2.567190E-001;0.000000E+000
5514000;0.000000E+000;4.738569E-006;2.566622E-001;0.000000E+000
5528000;0.000000E+000;4.738569E-006;2.566091E-001;0.000000E+000
5542000;0.000000E+000;4.738569E-006;2.565598E-001;0.000000E+000
5554000;0.000000E+000;4.738569E-006;2.565143E-001;0.000000E+000
5567000;0.000000E+000;4.738569E-006;2.564650E-001;0.000000E+000
5579000;0.000000E+000;4.738569E-006;2.564195E-001;0.000000E+000
5593000;0.000000E+000;4.738569E-006;2.563665E-001;0.000000E+000
5606000;0.000000E+000;4.738569E-006;2.563134E-001;0.000000E+000
5619000;0.000000E+000;4.738569E-006;2.562641E-001;0.000000E+000
5632000;0.000000E+000;4.738569E-006;2.562148E-001;0.000000E+000
5646000;0.000000E+000;4.738569E-006;2.561656E-001;0.000000E+000
5659000;0.000000E+000;4.738569E-006;2.561125E-001;0.000000E+000
5673000;0.000000E+000;4.738569E-006;2.560632E-001;0.000000E+000
5686000;0.000000E+000;4.738569E-006;2.560139E-001;0.000000E+000
5700000;0.000000E+000;4.738569E-006;2.559609E-001;0.000000E+000
5713000;0.000000E+000;4.738569E-006;2.559116E-001;0.000000E+000
5726000;0.000000E+000;4.738569E-006;2.558623E-001;0.000000E+000
5739000;0.000000E+000;4.738569E-006;2.558130E-001;0.000000E+000
5752000;0.000000E+000;4.738569E-006;2.557637E-001;0.000000E+000
5766000;0.000000E+000;4.738569E-006;2.557107E-001;0.000000E+000
5779000;0.000000E+000;4.738569E-006;2.556614E-001;0.000000E+000
5793000;0.000000E+000;4.738569E-006;2.556121E-001;0.000000E+000
5805000;0.000000E+000;4.738569E-006;2.555628E-001;0.000000E+000
5818000;0.000000E+000;4.738569E-006;2.555135E-001;0.000000E+000
5831000;0.000000E+000;4.738569E-006;2.554643E-001;0.000000E+000
5844000;0.000000E+000;4.738569E-006;2.554112E-001;0.000000E+000
5858000;0.000000E+000;4.738569E-006;2.553619E-001;0.000000E+000
5870000;0.000000E+000;4.738569E-006;2.553164E-001;0.000000E+000
5884000;0.000000E+000;4.738569E-006;2.552633E-001;0.000000E+000
5896000;0.000000E+000;4.738569E-006;2.552179E-001;0.000000E+000
5908000;0.000000E+000;4.738569E-006;2.551686E-001;0.000000E+000
5921000;0.000000E+000;4.738569E-006;2.551193E-001;0.000000E+000
5934000;0.000000E+000;4.738569E-006;2.550700E-001;0.000000E+000
5949000;0.000000E+000;4.738569E-006;2.550169E-001;0.000000E+000
5961000;0.000000E+000;4.738569E-006;2.549714E-001;0.000000E+000
5975000;0.000000E+000;4.738569E-006;2.549184E-001;0.000000E+000
5989000;0.000000E+000;4.738569E-006;2.548653E-001;0.000000E+000
6003000;0.000000E+000;4.738569E-006;2.548122E-001;0.000000E+000
6016000;0.000000E+000;4.738569E-006;2.547629E-001;0.000000E+000
6029000;0.000000E+000;4.738569E-006;2.547137E-001;0.000000E+000
6043000;0.000000E+000;4.738569E-006;2.546606E-001;0.000000E+000
6057000;0.000000E+000;4.738569E-006;2.546075E-001;0.000000E+000
6070000;0.000000E+000;4.738569E-006;2.545582E-001;0.000000E+000
6083000;0.000000E+000;4.738569E-006;2.545089E-001;0.000000E+000
6097000;0.000000E+000;4.738569E-006;2.544521E-001;0.000000E+000
6111000;0.000000E+000;4.738569E-006;2.544028E-001;0.000000E+000
6124000;0.000000E+000;4.738569E-006;2.543535E-001;0.000000E+000
6137000;0.000000E+000;4.738569E-006;2.543043E-001;0.000000E+000
6150000;0.000000E+000;4.738569E-006;2.542550E-001;0.000000E+000
6164000;0.000000E+000;4.738569E-006;2.542019E-001;0.000000E+000
6177000;0.000000E+000;4.738569E-006;2.541526E-001;0.000000E+000
6190000;0.000000E+000;4.738569E-006;2.541033E-001;0.000000E+000
6203000;0.000000E+000;4.738569E-006;2.540540E-001;0.000000E+000
6216000;0.000000E+000;4.738569E-006;2.540048E-001;0.000000E+000
6229000;0.000000E+000;4.738569E-006;2.539555E-001;0.000000E+000
6243000;0.000000E+000;4.738569E-006;2.539024E-001;0.000000E+000
6257000;0.000000E+000;4.738569E-006;2.538494E-001;0.000000E+000
6270000;0.000000E+000;4.738569E-006;2.538001E-001;0.000000E+000
6283000;0.000000E+000;4.738569E-006;2.537508E-001;0.000000E+000
6296000;0.000000E+000;4.738569E-006;2.537015E-001;0.000000E+000
6309000;0.000000E+000;4.738569E-006;2.536522E-001;0.000000E+000
6322000;0.000000E+000;4.738569E-006;2.536030E-001;0.000000E+000
6334000;0.000000E+000;4.738569E-006;2.535574E-001;0.000000E+000
6347000;0.000000E+000;4.738569E-006;2.535082E-001;0.000000E+000
6360000;0.000000E+000;4.738569E-006;2.534589E-001;0.000000E+000
6373000;0.000000E+000;4.738569E-006;2.534096E-001;0.000000E+000
6386000;0.000000E+000;4.738569E-006;2.533603E-001;0.000000E+000
6400000;0.000000E+000;4.738569E-006;2.533073E-001;0.000000E+000
6414000;0.000000E+000;4.738569E-006;2.532542E-001;0.000000E+000
6427000;0.000000E+000;4.738569E-006;2.532049E-001;0.000000E+000
6440000;0.000000E+000;4.738569E-006;2.531556E-001;0.000000E+000
6453000;0.000000E+000;4.738569E-006;2.531063E-001;0.000000E+000
6467000;0.000000E+000;4.738569E-006;2.530533E-001;0.000000E+000
6480000;0.000000E+000;4.738569E-006;2.530040E-001;0.000000E+000
6493000;0.000000E+000;4.738569E-006;2.529547E-001;0.000000E+000
6505000;0.000000E+000;4.738569E-006;2.529054E-001;0.000000E+000
6519000;0.000000E+000;4.738569E-006;2.528561E-001;0.000000E+000
6532000;0.000000E+000;4.738569E-006;2.528031E-001;0.000000E+000
6546000;0.000000E+000;4.738569E-006;2.527576E-001;0.000000E+000
6559000;0.000000E+000;4.738569E-006;2.527045E-001;0.000000E+000
6573000;0.000000E+000;4.738569E-006;2.526514E-001;0.000000E+000
6586000;0.000000E+000;4.738569E-006;2.526022E-001;0.000000E+000
6599000;0.000000E+000;4.738569E-006;2.525491E-001;0.000000E+000
6613000;0.000000E+000;4.738569E-006;2.525036E-001;0.000000E+000
6626000;0.000000E+000;4.738569E-006;2.524505E-001;0.000000E+000
6640000;0.000000E+000;4.738569E-006;2.523974E-001;0.000000E+000
6653000;0.000000E+000;4.738569E-006;2.523444E-001;0.000000E+000
6668000;0.000000E+000;4.738569E-006;2.522913E-001;0.000000E+000
6680000;0.000000E+000;4.738569E-006;2.522496E-001;0.000000E+000
6692000;0.000000E+000;4.738569E-006;2.521965E-001;0.000000E+000
6706000;0.000000E+000;4.738569E-006;2.521473E-001;0.000000E+000
6719000;0.000000E+000;4.738569E-006;2.520980E-001;0.000000E+000
6733000;0.000000E+000;4.738569E-006;2.520449E-001;0.000000E+000
6747000;0.000000E+000;4.738569E-006;2.519918E-001;0.000000E+000
6761000;0.000000E+000;4.738569E-006;2.519388E-001;0.000000E+000
6774000;0.000000E+000;4.738569E-006;2.518895E-001;0.000000E+000
6785000;0.000000E+000;4.738569E-006;2.518440E-001;0.000000E+000
6798000;0.000000E+000;4.738569E-006;2.517985E-001;0.000000E+000
6811000;0.000000E+000;4.738569E-006;2.517492E-001;0.000000E+000
6824000;0.000000E+000;4.738569E-006;2.516999E-001;0.000000E+000
6837000;0.000000E+000;4.738569E-006;2.516468E-001;0.000000E+000
6851000;0.000000E+000;4.738569E-006;2.515938E-001;0.000000E+000
6865000;0.000000E+000;4.738569E-006;2.515445E-001;0.000000E+000
6878000;0.000000E+000;4.738569E-006;2.514914E-001;0.000000E+000
6891000;0.000000E+000;4.738569E-006;2.514422E-001;0.000000E+000
6904000;0.000000E+000;4.738569E-006;2.513929E-001;0.000000E+000
6918000;0.000000E+000;4.738569E-006;2.513398E-001;0.000000E+000
6931000;0.000000E+000;4.738569E-006;2.512905E-001;0.000000E+000
6945000;0.000000E+000;4.738569E-006;2.512375E-001;0.000000E+000
6958000;0.000000E+000;4.738569E-006;2.511882E-001;0.000000E+000
6972000;0.000000E+000;4.738569E-006;2.511351E-001;0.000000E+000
6986000;0.000000E+000;4.738569E-006;2.510858E-001;0.000000E+000
6999000;0.000000E+000;4.738569E-006;2.510365E-001;0.000000E+000
7011000;0.000000E+000;4.738569E-006;2.509873E-001;0.000000E+000
7024000;0.000000E+000;4.738569E-006;2.509380E-001;0.000000E+000
7038000;0.000000E+000;4.738569E-006;2.508849E-001;0.000000E+000
7051000;0.000000E+000;4.738569E-006;2.508394E-001;0.000000E+000
7064000;0.000000E+000;4.738569E-006;2.507901E-001;0.000000E+000
7078000;0.000000E+000;4.738569E-006;2.507370E-001;0.000000E+000
7091000;0.000000E+000;4.738569E-006;2.506878E-001;0.000000E+000
7104000;0.000000E+000;4.738569E-006;2.506385E-001;0.000000E+000
7116000;0.000000E+000;4.738569E-006;2.505930E-001;0.000000E+000
7130000;0.000000E+000;4.738569E-006;2.505399E-001;0.000000E+000
7143000;0.000000E+000;4.738569E-006;2.504906E-001;0.000000E+000
7155000;0.000000E+000;4.738569E-006;2.504452E-001;0.000000E+000
7168000;0.000000E+000;4.738569E-006;2.503959E-001;0.000000E+000
7182000;0.000000E+000;4.738569E-006;2.503428E-001;0.000000E+000
7195000;0.000000E+000;4.738569E-006;2.502935E-001;0.000000E+000
7208000;0.000000E+000;4.738569E-006;2.502442E-001;0.000000E+000
7221000;0.000000E+000;4.738569E-006;2.501950E-001;0.000000E+000
7233000;0.000000E+000;4.738569E-006;2.501495E-001;0.000000E+000
7246000;0.000000E+000;4.738569E-006;2.501002E-001;0.000000E+000
7260000;0.000000E+000;4.738569E-006;2.500471E-001;0.000000E+000
7273000;0.000000E+000;4.738569E-006;2.499978E-001;0.000000E+000
7286000;0.000000E+000;4.738569E-006;2.499486E-001;0.000000E+000
7300000;0.000000E+000;4.738569E-006;2.498955E-001;0.000000E+000
7313000;0.000000E+000;4.738569E-006;2.498462E-001;0.000000E+000
7325000;0.000000E+000;4.738569E-006;2.498007E-001;0.000000E+000
7338000;0.000000E+000;4.738569E-006;2.497514E-001;0.000000E+000
7351000;0.000000E+000;4.738569E-006;2.497022E-001;0.000000E+000
7363000;0.000000E+000;4.738569E-006;2.496529E-001;0.000000E+000
7377000;0.000000E+000;4.738569E-006;2.495998E-001;0.000000E+000
7390000;0.000000E+000;4.738569E-006;2.495505E-001;0.000000E+000
7403000;0.000000E+000;4.738569E-006;2.495012E-001;0.000000E+000
7417000;0.000000E+000;4.738569E-006;2.494482E-001;0.000000E+000
7431000;3.000000E-001;1.006126E-004;3.000000E+001;3.010693E+000
7445000;3.000000E-001;8.825272E-003;3.000000E+001;9.032078E-001
7458000;3.000000E-001;1.256439E-002;3.000000E+001;3.455752E+000
7471000;3.000000E-001;2.196015E-002;3.000000E+001;5.026548E+000
7485000;3.000000E-001;3.576620E-002;3.000000E+001;7.068583E+000
7498000;3.000000E-001;5.350314E-002;3.000000E+001;9.464047E+000
7511000;3.000000E-001;7.507508E-002;3.000000E+001;1.288053E+001
7524000;3.000000E-001;1.095902E-001;2.690676E+001;1.574723E+001
7536000;3.000000E-001;1.430506E-001;2.354633E+001;1.755365E+001
7549000;3.000000E-001;1.814007E-001;1.971132E+001;1.746202E+001
7562000;3.000000E-001;2.171622E-001;1.614955E+001;1.595667E+001
7574000;3.000000E-001;2.475547E-001;1.245356E+001;1.267109E+001
7593000;3.000000E-001;2.814945E-001;9.620454E+000;8.731009E+000
7611000;3.000000E-001;3.047922E-001;7.429258E+000;2.892883E+000
7641000;3.000000E-001;3.115035E-001;6.616572E+000;3.796091E-001
7671000;3.000000E-001;3.117911E-001;6.320816E+000;0.000000E+000
7687000;3.000000E-001;3.117911E-001;6.169888E+000;0.000000E+000
7718000;3.000000E-001;3.117911E-001;5.858601E+000;0.000000E+000
7749000;3.000000E-001;3.116952E-001;5.596015E+000;0.000000E+000
7780000;3.000000E-001;3.114076E-001;5.336737E+000;-6.544984E-002
7795000;3.000000E-001;3.114076E-001;5.199845E+000;0.000000E+000
7810000;3.000000E-001;3.114076E-001;5.062957E+000;0.000000E+000
7825000;3.000000E-001;3.114076E-001;4.916942E+000;-6.544984E-002
7841000;3.000000E-001;3.112158E-001;4.800302E+000;-2.617994E-002
7857000;3.000000E-001;3.111199E-001;4.666945E+000;0.000000E+000
7873000;3.000000E-001;3.110241E-001;4.534348E+000;-9.162978E-002
7888000;3.000000E-001;3.107364E-001;4.432590E+000;-9.162978E-002
7903000;3.000000E-001;3.107364E-001;4.318205E+000;-2.617994E-002
7919000;3.000000E-001;3.101612E-001;4.227606E+000;-2.617994E-001
7950000;3.000000E-001;3.092024E-001;4.094224E+000;-5.366887E-001
7982000;3.000000E-001;3.066138E-001;4.082940E+000;-3.010693E-001
8011000;3.000000E-001;3.056551E-001;4.086673E+000;-3.534292E-001
8026000;3.000000E-001;3.047922E-001;4.125395E+000;-3.926991E-001
8041000;3.000000E-001;3.036417E-001;4.176145E+000;-5.105088E-001
8057000;3.000000E-001;3.023953E-001;4.277752E+000;-4.581489E-001
8087000;3.000000E-001;3.010530E-001;4.358903E+000;-2.487094E-001
8103000;3.000000E-001;3.002861E-001;4.442262E+000;-2.356194E-001
8135000;3.000000E-001;2.988479E-001;4.598770E+000;-1.832596E-001
8151000;3.000000E-001;2.985603E-001;4.635416E+000;0.000000E+000
8181000;3.000000E-001;2.985603E-001;4.666512E+000;0.000000E+000
8196000;3.000000E-001;2.985603E-001;4.700741E+000;-7.853982E-002
8228000;3.000000E-001;2.984644E-001;4.731449E+000;0.000000E+000
8258000;3.000000E-001;2.985603E-001;4.761787E+000;0.000000E+000
8289000;3.000000E-001;2.985603E-001;4.794034E+000;0.000000E+000
8304000;3.000000E-001;2.984644E-001;4.822275E+000;0.000000E+000
8336000;3.000000E-001;2.984644E-001;4.859125E+000;0.000000E+000
8367000;3.000000E-001;2.984644E-001;4.898432E+000;0.000000E+000
8383000;3.000000E-001;2.984644E-001;4.916857E+000;0.000000E+000
8398000;3.000000E-001;2.984644E-001;4.936510E+000;0.000000E+000
8413000;3.000000E-001;2.984644E-001;4.954935E+000;0.000000E+000
8428000;3.000000E-001;2.984644E-001;4.973360E+000;0.000000E+000
8460000;3.000000E-001;2.984644E-001;5.013895E+000;0.000000E+000
8490000;3.000000E-001;2.984644E-001;5.049517E+000;0.000000E+000
8521000;3.000000E-001;2.984644E-001;5.098650E+000;0.000000E+000
8553000;3.000000E-001;2.985603E-001;5.116703E+000;0.000000E+000
8568000;3.000000E-001;2.985603E-001;5.136282E+000;0.000000E+000
8584000;3.000000E-001;2.985603E-001;5.152405E+000;0.000000E+000
8616000;3.000000E-001;2.985603E-001;5.205381E+000;0.000000E+000
8661000;3.000000E-001;2.985603E-001;5.257206E+000;0.000000E+000
8694000;3.000000E-001;2.985603E-001;5.291756E+000;0.000000E+000
8725000;3.000000E-001;2.985603E-001;5.327456E+000;0.000000E+000
8755000;3.000000E-001;2.985603E-001;5.355097E+000;0.000000E+000
8785000;3.000000E-001;2.985603E-001;5.400011E+000;0.000000E+000
8816000;3.000000E-001;2.985603E-001;5.435713E+000;0.000000E+000
8847000;3.000000E-001;2.985603E-001;5.455291E+000;0.000000E+000
8863000;3.000000E-001;2.985603E-001;5.489841E+000;0.000000E+000
8893000;3.000000E-001;2.985603E-001;5.516329E+000;0.000000E+000
8925000;3.000000E-001;2.986562E-001;5.545819E+000;0.000000E+000
8955000;3.000000E-001;2.986562E-001;5.572694E+000;0.000000E+000
8986000;3.000000E-001;2.986562E-001;5.614618E+000;0.000000E+000
9017000;3.000000E-001;2.986562E-001;5.635043E+000;0.000000E+000
9032000;3.000000E-001;2.986562E-001;5.651167E+000;3.926991E-002
9064000;3.000000E-001;2.986562E-001;5.683417E+000;0.000000E+000
9079000;3.000000E-001;2.986562E-001;5.699542E+000;0.000000E+000
9095000;3.000000E-001;2.986562E-001;5.716742E+000;0.000000E+000
9110000;3.000000E-001;2.986562E-001;5.733941E+000;0.000000E+000
9141000;3.000000E-001;2.986562E-001;5.767265E+000;0.000000E+000
9157000;3.000000E-001;2.986562E-001;5.785540E+000;0.000000E+000
9173000;3.000000E-001;2.986562E-001;5.816715E+000;0.000000E+000
9219000;3.000000E-001;2.986562E-001;5.859714E+000;0.000000E+000
9250000;3.000000E-001;2.986562E-001;5.884439E+000;0.000000E+000
9271000;3.000000E-001;2.986562E-001;5.907013E+000;0.000000E+000
9295000;3.000000E-001;2.987520E-001;5.922998E+000;0.000000E+000
9311000;3.000000E-001;2.987520E-001;5.938971E+000;0.000000E+000
9327000;3.000000E-001;2.987520E-001;5.962931E+000;0.000000E+000
9357000;3.000000E-001;2.987520E-001;5.992880E+000;0.000000E+000
9389000;3.000000E-001;2.987520E-001;6.029817E+000;0.000000E+000
9419000;3.000000E-001;2.987520E-001;6.047787E+000;0.000000E+000
9450000;3.000000E-001;2.987520E-001;6.078734E+000;0.000000E+000
9481000;3.000000E-001;2.987520E-001;6.119665E+000;0.000000E+000
9512000;3.000000E-001;2.987520E-001;6.139631E+000;0.000000E+000
9528000;3.000000E-001;2.987520E-001;6.155603E+000;0.000000E+000
9544000;3.000000E-001;2.987520E-001;6.171576E+000;0.000000E+000
9575000;3.000000E-001;2.988479E-001;6.192703E+000;0.000000E+000
9591000;3.000000E-001;2.988479E-001;6.212058E+000;0.000000E+000
9622000;3.000000E-001;2.988479E-001;6.235099E+000;0.000000E+000
9637000;3.000000E-001;2.988479E-001;6.249845E+000;0.000000E+000
9668000;3.000000E-001;2.988479E-001;6.279337E+000;0.000000E+000
9683000;3.000000E-001;2.988479E-001;6.301456E+000;0.000000E+000
9715000;3.000000E-001;2.988479E-001;6.325418E+000;0.000000E+000
9747000;3.000000E-001;2.988479E-001;6.351224E+000;0.000000E+000
9778000;3.000000E-001;2.988479E-001;6.379795E+000;0.000000E+000
9793000;3.000000E-001;2.988479E-001;6.393620E+000;0.000000E+000
9823000;3.000000E-001;2.988479E-001;6.435093E+000;0.000000E+000
9871000;3.000000E-001;2.988479E-001;6.465507E+000;0.000000E+000
9902000;3.000000E-001;2.989438E-001;6.486874E+000;0.000000E+000
9933000;3.000000E-001;2.989438E-001;6.516453E+000;0.000000E+000
9964000;3.000000E-001;2.989438E-001;6.535895E+000;0.000000E+000
9979000;3.000000E-001;2.989438E-001;6.554493E+000;0.000000E+000
10009000;3.000000E-001;2.989438E-001;6.579853E+000;0.000000E+000
10040000;3.000000E-001;2.989438E-001;6.600141E+000;0.000000E+000
10055000;3.000000E-001;2.989438E-001;6.615356E+000;0.000000E+000
10085000;3.000000E-001;2.990396E-001;6.628055E+000;1.308997E-002
10116000;3.000000E-001;2.990396E-001;6.654944E+000;0.000000E+000
10146000;3.000000E-001;2.990396E-001;6.670476E+000;0.000000E+000
10179000;3.000000E-001;2.991355E-001;6.687757E+000;1.308997E-002
10195000;3.000000E-001;2.991355E-001;6.699508E+000;0.000000E+000
10226000;3.000000E-001;2.991355E-001;6.730613E+000;0.000000E+000
10273000;3.000000E-001;2.992314E-001;6.744156E+000;0.000000E+000
10304000;3.000000E-001;2.992314E-001;6.746912E+000;0.000000E+000
10344000;3.000000E-001;2.993273E-001;6.776449E+000;0.000000E+000
10367000;3.000000E-001;2.994232E-001;6.780860E+000;0.000000E+000
10398000;3.000000E-001;2.995191E-001;6.786348E+000;0.000000E+000
10445000;3.000000E-001;2.996149E-001;6.790838E+000;0.000000E+000
10475000;3.000000E-001;2.996149E-001;6.798544E+000;0.000000E+000
10491000;3.000000E-001;2.997108E-001;6.793962E+000;7.853982E-002
10528000;3.000000E-001;2.998067E-001;6.792712E+000;0.000000E+000
10552000;3.000000E-001;2.999026E-001;6.787150E+000;0.000000E+000
10583000;3.000000E-001;2.999984E-001;6.779203E+000;0.000000E+000
10612000;3.000000E-001;3.000943E-001;6.768282E+000;5.235988E-002
10643000;3.000000E-001;3.001902E-001;6.744547E+000;1.308997E-002
10674000;3.000000E-001;3.004778E-001;6.719038E+000;0.000000E+000
10690000;3.000000E-001;3.005736E-001;6.703180E+000;3.926991E-002
10705000;3.000000E-001;3.007654E-001;6.675280E+000;9.162978E-002
10720000;3.000000E-001;3.009571E-001;6.645615E+000;7.853982E-002
10736000;3.000000E-001;3.012448E-001;6.603446E+000;9.162978E-002
10766000;3.000000E-001;3.020118E-001;6.462375E+000;9.162978E-002
10814000;3.000000E-001;3.024912E-001;6.331919E+000;0.000000E+000
10844000;3.000000E-001;3.025870E-001;6.280826E+000;0.000000E+000
10860000;3.000000E-001;3.025870E-001;6.247707E+000;0.000000E+000
10876000;3.000000E-001;3.025870E-001;6.185612E+000;0.000000E+000
10907000;3.000000E-001;3.025870E-001;6.150424E+000;0.000000E+000
10922000;3.000000E-001;3.025870E-001;6.119381E+000;0.000000E+000
10937000;3.000000E-001;3.025870E-001;6.086269E+000;0.000000E+000
10969000;3.000000E-001;3.025870E-001;5.993143E+000;0.000000E+000
10999000;3.000000E-001;3.025870E-001;5.957962E+000;0.000000E+000
11015000;3.000000E-001;3.025870E-001;5.897947E+000;0.000000E+000
11047000;3.000000E-001;3.025870E-001;5.862766E+000;0.000000E+000
11077000;3.000000E-001;3.025870E-001;5.798613E+000;-5.235988E-002
11093000;3.000000E-001;3.025870E-001;5.763432E+000;0.000000E+000
11108000;3.000000E-001;3.025870E-001;5.734459E+000;0.000000E+000
11123000;3.000000E-001;3.025870E-001;5.703417E+000;0.000000E+000
11138000;3.000000E-001;3.025870E-001;5.672375E+000;0.000000E+000
11153000;3.000000E-001;3.024912E-001;5.651071E+000;0.000000E+000
11168000;3.000000E-001;3.024912E-001;5.621179E+000;0.000000E+000
11183000;3.000000E-001;3.024912E-001;5.591287E+000;0.000000E+000
11200000;3.000000E-001;3.024912E-001;5.557408E+000;-5.235988E-002
11214000;3.000000E-001;3.024912E-001;5.531503E+000;0.000000E+000
11229000;3.000000E-001;3.024912E-001;5.501611E+000;0.000000E+000
11244000;3.000000E-001;3.024912E-001;5.471719E+000;0.000000E+000
11259000;3.000000E-001;3.024912E-001;5.441827E+000;0.000000E+000
11273000;3.000000E-001;3.024912E-001;5.411935E+000;0.000000E+000
11288000;3.000000E-001;3.024912E-001;5.384035E+000;0.000000E+000
11303000;3.000000E-001;3.024912E-001;5.352151E+000;0.000000E+000
11318000;3.000000E-001;3.024912E-001;5.324251E+000;0.000000E+000
11334000;3.000000E-001;3.024912E-001;5.292367E+000;0.000000E+000
11349000;3.000000E-001;3.024912E-001;5.260482E+000;0.000000E+000
11365000;3.000000E-001;3.024912E-001;5.230590E+000;-1.047198E-001
11380000;3.000000E-001;3.023953E-001;5.209522E+000;0.000000E+000
11395000;3.000000E-001;3.023953E-001;5.180780E+000;0.000000E+000
11410000;3.000000E-001;3.023953E-001;5.152039E+000;0.000000E+000
11426000;3.000000E-001;3.023953E-001;5.123297E+000;0.000000E+000
11441000;3.000000E-001;3.023953E-001;5.094555E+000;0.000000E+000
11456000;3.000000E-001;3.023953E-001;5.063897E+000;-5.235988E-002
11472000;3.000000E-001;3.023953E-001;5.035155E+000;0.000000E+000
11487000;3.000000E-001;3.023953E-001;5.004497E+000;0.000000E+000
11502000;3.000000E-001;3.023953E-001;4.977672E+000;0.000000E+000
11518000;3.000000E-001;3.023953E-001;4.947013E+000;0.000000E+000
11533000;3.000000E-001;3.022994E-001;4.928853E+000;0.000000E+000
11548000;3.000000E-001;3.022994E-001;4.901261E+000;0.000000E+000
11563000;3.000000E-001;3.022994E-001;4.873670E+000;0.000000E+000
11578000;3.000000E-001;3.022994E-001;4.846078E+000;0.000000E+000
11593000;3.000000E-001;3.022994E-001;4.818486E+000;0.000000E+000
11609000;3.000000E-001;3.022994E-001;4.789055E+000;0.000000E+000
11625000;3.000000E-001;3.022994E-001;4.759624E+000;0.000000E+000
11640000;3.000000E-001;3.022035E-001;4.742542E+000;0.000000E+000
11655000;3.000000E-001;3.022035E-001;4.716101E+000;0.000000E+000
11670000;3.000000E-001;3.022035E-001;4.687897E+000;0.000000E+000
11685000;3.000000E-001;3.022035E-001;4.663218E+000;-3.926991E-002
11700000;3.000000E-001;3.022035E-001;4.635014E+000;0.000000E+000
11715000;3.000000E-001;3.022035E-001;4.608572E+000;-9.162978E-002
11730000;3.000000E-001;3.021076E-001;4.592871E+000;-5.235988E-002
11746000;3.000000E-001;3.021076E-001;4.565893E+000;0.000000E+000
11762000;3.000000E-001;3.021076E-001;4.540602E+000;-5.235988E-002
11778000;3.000000E-001;3.020118E-001;4.523515E+000;0.000000E+000
11793000;3.000000E-001;3.020118E-001;4.497765E+000;0.000000E+000
11808000;3.000000E-001;3.020118E-001;4.473623E+000;0.000000E+000
11823000;3.000000E-001;3.019159E-001;4.459455E+000;0.000000E+000
11839000;3.000000E-001;3.019159E-001;4.436464E+000;0.000000E+000
11854000;3.000000E-001;3.018200E-001;4.421832E+000;0.000000E+000
11870000;3.000000E-001;3.018200E-001;4.399991E+000;0.000000E+000
11885000;3.000000E-001;3.017241E-001;4.388353E+000;-3.926991E-002
11901000;3.000000E-001;3.016283E-001;4.376098E+000;0.000000E+000
11917000;3.000000E-001;3.016283E-001;4.355254E+000;-2.617994E-002
11932000;3.000000E-001;3.015324E-001;4.346377E+000;0.000000E+000
11947000;3.000000E-001;3.014365E-001;4.338414E+000;-9.162978E-002
11962000;3.000000E-001;3.013406E-001;4.331531E+000;0.000000E+000
11977000;3.000000E-001;3.011489E-001;4.335006E+000;0.000000E+000
11993000;3.000000E-001;3.009571E-001;4.345958E+000;-9.162978E-002
12008000;3.000000E-001;3.007654E-001;4.349084E+000;-6.544984E-002
12023000;3.000000E-001;3.004778E-001;4.370959E+000;-1.047198E-001
12038000;3.000000E-001;2.999984E-001;4.415927E+000;-1.832596E-001
12054000;3.000000E-001;2.994232E-001;4.477229E+000;-2.617994E-001
12069000;3.000000E-001;2.987520E-001;4.556790E+000;-2.094395E-001
12084000;3.000000E-001;2.983685E-001;4.613183E+000;-1.178097E-001
12100000;3.000000E-001;2.980809E-001;4.663821E+000;-5.235988E-002
12115000;3.000000E-001;2.979850E-001;4.698668E+000;0.000000E+000
12131000;3.000000E-001;2.979850E-001;4.724462E+000;0.000000E+000
12147000;3.000000E-001;2.979850E-001;4.748643E+000;0.000000E+000
12162000;3.000000E-001;2.979850E-001;4.772825E+000;0.000000E+000
12178000;3.000000E-001;2.979850E-001;4.798618E+000;0.000000E+000
12193000;3.000000E-001;2.979850E-001;4.824412E+000;0.000000E+000
12209000;3.000000E-001;2.979850E-001;4.850205E+000;0.000000E+000
12225000;3.000000E-001;2.979850E-001;4.874387E+000;0.000000E+000
12241000;3.000000E-001;2.979850E-001;4.900180E+000;0.000000E+000
12257000;3.000000E-001;2.979850E-001;4.925973E+000;0.000000E+000
12272000;3.000000E-001;2.979850E-001;4.950155E+000;0.000000E+000
12287000;3.000000E-001;2.979850E-001;4.974336E+000;0.000000E+000
12303000;3.000000E-001;2.979850E-001;5.000130E+000;0.000000E+000
12318000;3.000000E-001;2.979850E-001;5.024311E+000;0.000000E+000
12334000;3.000000E-001;2.979850E-001;5.050105E+000;0.000000E+000
12350000;3.000000E-001;2.979850E-001;5.075898E+000;0.000000E+000
12366000;3.000000E-001;2.979850E-001;5.101691E+000;0.000000E+000
12382000;3.000000E-001;2.979850E-001;5.129097E+000;0.000000E+000
12397000;3.000000E-001;2.979850E-001;5.151666E+000;0.000000E+000
12412000;3.000000E-001;2.979850E-001;5.177460E+000;0.000000E+000
12428000;3.000000E-001;2.979850E-001;5.201641E+000;0.000000E+000
12443000;3.000000E-001;2.979850E-001;5.225822E+000;0.000000E+000
12458000;3.000000E-001;2.979850E-001;5.250004E+000;0.000000E+000
12474000;3.000000E-001;2.979850E-001;5.275797E+000;0.000000E+000
12489000;3.000000E-001;2.979850E-001;5.299979E+000;0.000000E+000
12504000;3.000000E-001;2.979850E-001;5.324160E+000;0.000000E+000
12519000;3.000000E-001;2.979850E-001;5.348341E+000;0.000000E+000
12535000;3.000000E-001;2.979850E-001;5.374135E+000;0.000000E+000
12551000;3.000000E-001;2.979850E-001;5.399928E+000;0.000000E+000
12566000;3.000000E-001;2.979850E-001;5.424109E+000;0.000000E+000
12582000;3.000000E-001;2.980809E-001;5.439162E+000;0.000000E+000
12597000;3.000000E-001;2.980809E-001;5.462193E+000;0.000000E+000
12613000;3.000000E-001;2.980809E-001;5.486760E+000;0.000000E+000
12629000;3.000000E-001;2.980809E-001;5.511327E+000;0.000000E+000
12644000;3.000000E-001;2.980809E-001;5.534358E+000;0.000000E+000
12659000;3.000000E-001;2.980809E-001;5.557389E+000;0.000000E+000
12674000;3.000000E-001;2.980809E-001;5.580420E+000;0.000000E+000
12689000;3.000000E-001;2.980809E-001;5.603452E+000;0.000000E+000
12704000;3.000000E-001;2.980809E-001;5.626483E+000;0.000000E+000
12720000;3.000000E-001;2.980809E-001;5.651050E+000;0.000000E+000
12735000;3.000000E-001;2.980809E-001;5.674081E+000;0.000000E+000
12750000;3.000000E-001;2.980809E-001;5.697112E+000;0.000000E+000
12766000;3.000000E-001;2.980809E-001;5.721679E+000;0.000000E+000
12782000;3.000000E-001;2.980809E-001;5.746245E+000;0.000000E+000
12797000;3.000000E-001;2.980809E-001;5.769277E+000;0.000000E+000
12811000;3.000000E-001;2.981768E-001;5.782264E+000;0.000000E+000
12827000;3.000000E-001;2.981768E-001;5.805604E+000;0.000000E+000
12843000;3.000000E-001;2.981768E-001;5.827485E+000;0.000000E+000
12858000;3.000000E-001;2.981768E-001;5.850824E+000;0.000000E+000
12874000;3.000000E-001;2.981768E-001;5.872705E+000;0.000000E+000
12888000;3.000000E-001;2.981768E-001;5.894587E+000;0.000000E+000
12903000;3.000000E-001;2.981768E-001;5.916468E+000;0.000000E+000
12919000;3.000000E-001;2.981768E-001;5.938349E+000;0.000000E+000
12934000;3.000000E-001;2.981768E-001;5.961689E+000;0.000000E+000
12950000;3.000000E-001;2.981768E-001;5.985028E+000;0.000000E+000
12965000;3.000000E-001;2.981768E-001;6.005451E+000;0.000000E+000
12980000;3.000000E-001;2.982727E-001;6.018815E+000;0.000000E+000
12996000;3.000000E-001;2.982727E-001;6.039540E+000;0.000000E+000
13011000;3.000000E-001;2.982727E-001;6.061647E+000;0.000000E+000
13026000;3.000000E-001;2.982727E-001;6.080991E+000;0.000000E+000
13042000;3.000000E-001;2.982727E-001;6.103098E+000;0.000000E+000
13057000;3.000000E-001;2.982727E-001;6.125205E+000;0.000000E+000
13073000;3.000000E-001;2.983685E-001;6.137346E+000;0.000000E+000
13088000;3.000000E-001;2.984644E-001;6.147105E+000;0.000000E+000
13104000;3.000000E-001;2.984644E-001;6.165530E+000;0.000000E+000
13119000;3.000000E-001;2.984644E-001;6.183955E+000;0.000000E+000
13133000;3.000000E-001;2.984644E-001;6.202380E+000;0.000000E+000
13149000;3.000000E-001;2.984644E-001;6.222034E+000;0.000000E+000
13165000;3.000000E-001;2.984644E-001;6.240458E+000;0.000000E+000
13181000;3.000000E-001;2.984644E-001;6.260112E+000;1.308997E-002
13196000;3.000000E-001;2.985603E-001;6.267879E+000;1.047198E-001
13211000;3.000000E-001;2.986562E-001;6.274796E+000;0.000000E+000
13226000;3.000000E-001;2.986562E-001;6.290921E+000;0.000000E+000
13242000;3.000000E-001;2.986562E-001;6.308121E+000;0.000000E+000
13257000;3.000000E-001;2.986562E-001;6.324245E+000;0.000000E+000
13273000;3.000000E-001;2.986562E-001;6.341445E+000;0.000000E+000
13288000;3.000000E-001;2.986562E-001;6.358645E+000;5.235988E-002
13304000;3.000000E-001;2.986562E-001;6.375845E+000;0.000000E+000
13320000;3.000000E-001;2.987520E-001;6.381925E+000;0.000000E+000
13335000;3.000000E-001;2.987520E-001;6.396900E+000;0.000000E+000
13350000;3.000000E-001;2.987520E-001;6.411874E+000;0.000000E+000
13364000;3.000000E-001;2.987520E-001;6.426849E+000;5.235988E-002
13380000;3.000000E-001;2.987520E-001;6.441823E+000;0.000000E+000
13395000;3.000000E-001;2.987520E-001;6.457796E+000;0.000000E+000
13411000;3.000000E-001;2.987520E-001;6.473769E+000;0.000000E+000
13426000;3.000000E-001;2.987520E-001;6.488744E+000;0.000000E+000
13441000;3.000000E-001;2.987520E-001;6.502720E+000;0.000000E+000
13457000;3.000000E-001;2.988479E-001;6.509718E+000;0.000000E+000
13473000;3.000000E-001;2.988479E-001;6.524464E+000;0.000000E+000
13489000;3.000000E-001;2.988479E-001;6.539209E+000;0.000000E+000
13505000;3.000000E-001;2.988479E-001;6.553956E+000;0.000000E+000
13521000;3.000000E-001;2.988479E-001;6.567780E+000;0.000000E+000
13537000;3.000000E-001;2.988479E-001;6.582526E+000;0.000000E+000
13552000;3.000000E-001;2.988479E-001;6.597273E+000;0.000000E+000
13568000;3.000000E-001;2.988479E-001;6.612019E+000;0.000000E+000
13584000;3.000000E-001;2.988479E-001;6.625843E+000;0.000000E+000
13599000;3.000000E-001;2.989438E-001;6.629473E+000;0.000000E+000
13615000;3.000000E-001;2.989438E-001;6.642998E+000;0.000000E+000
13631000;3.000000E-001;2.989438E-001;6.656524E+000;0.000000E+000
13647000;3.000000E-001;2.989438E-001;6.670895E+000;0.000000E+000
13662000;3.000000E-001;2.989438E-001;6.682729E+000;0.000000E+000
13677000;3.000000E-001;2.989438E-001;6.695409E+000;0.000000E+000
13692000;3.000000E-001;2.989438E-001;6.708089E+000;0.000000E+000
13707000;3.000000E-001;2.990396E-001;6.710337E+000;0.000000E+000
13723000;3.000000E-001;2.990396E-001;6.722630E+000;0.000000E+000
13738000;3.000000E-001;2.990396E-001;6.734154E+000;3.926991E-002
13754000;3.000000E-001;2.990396E-001;6.746447E+000;0.000000E+000
13770000;3.000000E-001;2.991355E-001;6.744276E+000;5.235988E-002
13785000;3.000000E-001;2.991355E-001;6.760131E+000;0.000000E+000
13800000;3.000000E-001;2.991355E-001;6.769808E+000;0.000000E+000
13815000;3.000000E-001;2.991355E-001;6.780176E+000;5.235988E-002
13831000;3.000000E-001;2.991355E-001;6.791236E+000;0.000000E+000
13847000;3.000000E-001;2.991355E-001;6.802295E+000;0.000000E+000
13863000;3.000000E-001;2.992314E-001;6.802773E+000;5.235988E-002
13878000;3.000000E-001;2.992314E-001;6.811996E+000;0.000000E+000
