Timestamp;torque;torque
30000;-1.812551E+001;-2.079516E+001
45000;-2.121668E+001;-2.093567E+001
61000;-1.714195E+001;-2.079516E+001
77000;-1.742297E+001;-2.065465E+001
93000;-1.826602E+001;-2.149770E+001
109000;-1.770399E+001;-2.135719E+001
125000;-2.177871E+001;-2.121668E+001
140000;-1.967109E+001;-2.121668E+001
156000;-1.967109E+001;-2.121668E+001
171000;-1.967109E+001;-2.332430E+001
187000;-1.939008E+001;-2.093567E+001
202000;-1.924957E+001;-2.093567E+001
217000;-1.910906E+001;-2.191922E+001
233000;-1.939008E+001;-2.121668E+001
249000;-1.967109E+001;-2.332430E+001
264000;-1.967109E+001;-2.290277E+001
280000;-1.939008E+001;-2.135719E+001
295000;-1.939008E+001;-2.121668E+001
311000;-1.953059E+001;-2.107617E+001
327000;-1.939008E+001;-2.107617E+001
342000;-2.065465E+001;-2.304328E+001
357000;-1.910906E+001;-2.304328E+001
372000;-1.854703E+001;-2.135719E+001
388000;-1.784449E+001;-2.093567E+001
403000;-1.953059E+001;-2.121668E+001
419000;-1.910906E+001;-2.332430E+001
435000;-1.939008E+001;-2.318379E+001
451000;-1.939008E+001;-2.318379E+001
467000;-1.924957E+001;-2.079516E+001
482000;-1.882805E+001;-2.107617E+001
497000;-1.953059E+001;-2.093567E+001
513000;-1.924957E+001;-2.107617E+001
529000;-1.939008E+001;-2.079516E+001
544000;-1.967109E+001;-2.079516E+001
559000;-1.967109E+001;-2.093567E+001
574000;-1.826602E+001;-2.065465E+001
590000;-1.910906E+001;-2.135719E+001
605000;-1.967109E+001;-2.121668E+001
621000;-1.910906E+001;-2.093567E+001
637000;-1.910906E+001;-2.121668E+001
652000;-1.924957E+001;-2.079516E+001
668000;-1.910906E+001;-2.107617E+001
684000;-1.882805E+001;-2.149770E+001
700000;-1.939008E+001;-2.360531E+001
716000;-1.924957E+001;-2.107617E+001
731000;-1.896856E+001;-2.107617E+001
746000;-1.896856E+001;-2.079516E+001
762000;-1.910906E+001;-2.177871E+001
778000;-1.910906E+001;-2.135719E+001
793000;-1.939008E+001;-2.135719E+001
809000;-1.967109E+001;-2.121668E+001
824000;-1.882805E+001;-2.121668E+001
839000;-1.981160E+001;-2.290277E+001
854000;-1.967109E+001;-2.290277E+001
869000;-1.967109E+001;-2.318379E+001
885000;-1.910906E+001;-2.135719E+001
901000;-1.967109E+001;-2.093567E+001
916000;-1.896856E+001;-2.093567E+001
932000;-1.910906E+001;-2.121668E+001
948000;-1.910906E+001;-2.107617E+001
963000;-1.896856E+001;-2.107617E+001
979000;-1.910906E+001;-2.121668E+001
994000;-1.910906E+001;-2.107617E+001
1009000;-1.910906E+001;-2.107617E+001
1025000;-1.967109E+001;-2.107617E+001
1041000;-1.967109E+001;-2.332430E+001
1057000;-1.953059E+001;-2.332430E+001
1073000;-1.896856E+001;-2.318379E+001
1089000;-1.967109E+001;-2.332430E+001
1105000;-1.967109E+001;-2.332430E+001
1121000;-1.812551E+001;-2.121668E+001
1136000;-1.939008E+001;-2.332430E+001
1152000;-1.924957E+001;-2.135719E+001
1168000;-1.953059E+001;-2.093567E+001
1183000;-1.995211E+001;-2.163820E+001
1198000;-1.953059E+001;-2.135719E+001
1214000;-1.939008E+001;-2.121668E+001
1229000;-1.924957E+001;-2.332430E+001
1245000;-1.910906E+001;-2.093567E+001
1260000;-1.924957E+001;-2.135719E+001
1275000;-1.910906E+001;-2.107617E+001
1291000;-1.910906E+001;-2.107617E+001
1307000;-1.939008E+001;-2.121668E+001
1323000;-1.967109E+001;-2.093567E+001
1338000;-1.967109E+001;-2.079516E+001
1354000;-1.939008E+001;-2.332430E+001
1369000;-2.009262E+001;-2.065465E+001
1385000;-1.924957E+001;-2.079516E+001
1401000;-1.939008E+001;-2.079516E+001
1417000;-1.953059E+001;-2.065465E+001
1432000;-2.177871E+001;-2.163820E+001
1447000;-1.939008E+001;-2.135719E+001
1463000;-1.967109E+001;-2.149770E+001
1479000;-1.910906E+001;-2.374582E+001
1494000;-1.910906E+001;-2.121668E+001
1510000;-1.882805E+001;-2.360531E+001
1525000;-2.093567E+001;-2.121668E+001
1540000;-1.742297E+001;-2.121668E+001
1556000;-1.882805E+001;-2.304328E+001
1572000;-1.896856E+001;-2.332430E+001
1587000;-1.896856E+001;-2.304328E+001
1602000;-1.910906E+001;-2.135719E+001
1617000;-1.981160E+001;-2.135719E+001
1632000;-1.967109E+001;-2.121668E+001
1648000;-1.967109E+001;-2.135719E+001
1663000;-1.967109E+001;-2.121668E+001
1678000;-1.939008E+001;-2.135719E+001
1694000;-1.882805E+001;-2.121668E+001
1710000;-1.882805E+001;-2.163820E+001
1726000;-1.924957E+001;-2.360531E+001
1741000;-1.924957E+001;-2.135719E+001
1756000;-1.910906E+001;-2.093567E+001
1772000;-1.910906E+001;-2.093567E+001
1787000;-2.149770E+001;-2.107617E+001
1802000;-2.220024E+001;-2.107617E+001
1818000;-1.924957E+001;-2.135719E+001
1834000;-1.742297E+001;-2.093567E+001
1850000;-1.840652E+001;-2.107617E+001
1865000;-1.882805E+001;-2.079516E+001
1880000;-2.051414E+001;-2.093567E+001
1896000;-1.953059E+001;-2.135719E+001
1911000;-1.939008E+001;-2.121668E+001
1926000;-1.840652E+001;-2.107617E+001
1942000;-1.812551E+001;-2.079516E+001
1958000;-1.854703E+001;-2.135719E+001
1973000;-1.967109E+001;-2.121668E+001
1989000;-1.967109E+001;-2.107617E+001
2005000;-1.939008E+001;-2.135719E+001
2020000;-1.939008E+001;-2.093567E+001
2035000;-1.967109E+001;-2.360531E+001
2051000;-1.967109E+001;-2.346481E+001
2067000;-1.953059E+001;-2.093567E+001
2083000;-1.967109E+001;-2.332430E+001
2099000;-1.967109E+001;-2.360531E+001
2115000;-1.924957E+001;-2.135719E+001
2131000;-1.967109E+001;-2.135719E+001
2146000;-1.967109E+001;-2.121668E+001
2162000;-1.953059E+001;-2.135719E+001
2178000;-1.953059E+001;-2.135719E+001
2193000;-1.714195E+001;-2.332430E+001
2209000;-1.967109E+001;-2.304328E+001
2225000;-1.939008E+001;-2.135719E+001
2241000;-1.953059E+001;-2.360531E+001
2257000;-1.924957E+001;-2.332430E+001
2273000;-1.924957E+001;-2.332430E+001
2289000;-1.840652E+001;-2.135719E+001
2305000;-1.953059E+001;-2.079516E+001
2321000;-1.770399E+001;-2.107617E+001
2337000;-1.910906E+001;-2.135719E+001
2353000;-1.924957E+001;-2.121668E+001
2369000;-1.924957E+001;-2.079516E+001
2384000;-1.981160E+001;-2.107617E+001
2400000;-1.939008E+001;-2.135719E+001
2415000;-1.939008E+001;-2.149770E+001
2431000;-1.939008E+001;-2.332430E+001
2448000;-1.967109E+001;-2.079516E+001
2466000;-1.953059E+001;-2.093567E+001
2484000;-1.910906E+001;-2.107617E+001
2502000;-1.910906E+001;-2.107617E+001
2521000;-1.953059E+001;-2.107617E+001
2532000;-1.924957E+001;-2.093567E+001
2544000;-1.910906E+001;-2.093567E+001
2555000;-1.910906E+001;-2.093567E+001
2568000;-1.910906E+001;-2.135719E+001
2579000;-1.939008E+001;-2.135719E+001
2591000;-1.910906E+001;-2.121668E+001
2602000;-1.812551E+001;-2.135719E+001
2614000;-1.812551E+001;-2.135719E+001
2626000;-1.756348E+001;-2.360531E+001
2637000;-1.812551E+001;-2.149770E+001
2648000;-1.784449E+001;-2.332430E+001
2661000;-1.812551E+001;-2.332430E+001
2673000;-1.910906E+001;-2.304328E+001
2685000;-1.910906E+001;-2.332430E+001
2696000;-1.910906E+001;-2.332430E+001
2707000;-1.840652E+001;-2.093567E+001
2718000;-1.939008E+001;-2.093567E+001
2729000;-1.953059E+001;-2.107617E+001
2740000;-1.939008E+001;-2.304328E+001
2752000;-1.953059E+001;-2.332430E+001
2764000;-1.939008E+001;-2.121668E+001
2776000;-1.939008E+001;-2.304328E+001
2789000;-1.910906E+001;-2.121668E+001
2801000;-1.910906E+001;-2.304328E+001
2813000;-1.896856E+001;-2.332430E+001
2825000;-1.882805E+001;-2.332430E+001
2837000;-1.882805E+001;-2.121668E+001
2848000;-1.896856E+001;-2.121668E+001
2859000;-1.910906E+001;-2.135719E+001
2871000;-1.868754E+001;-2.135719E+001
2883000;-1.882805E+001;-2.135719E+001
2895000;-1.882805E+001;-2.135719E+001
2906000;-1.896856E+001;-2.332430E+001
2918000;-1.910906E+001;-2.304328E+001
2929000;-1.896856E+001;-2.332430E+001
2942000;-1.939008E+001;-2.332430E+001
2953000;-1.939008E+001;-2.163820E+001
2965000;-1.882805E+001;-2.121668E+001
2976000;-1.910906E+001;-2.107617E+001
2988000;-1.924957E+001;-2.093567E+001
2999000;-1.924957E+001;-2.121668E+001
3011000;-1.882805E+001;-2.107617E+001
3022000;-1.882805E+001;-2.107617E+001
3034000;-1.953059E+001;-2.135719E+001
3046000;-1.924957E+001;-2.093567E+001
3059000;-1.995211E+001;-2.135719E+001
3071000;-1.910906E+001;-2.079516E+001
3083000;-1.910906E+001;-2.079516E+001
3094000;-1.910906E+001;-2.135719E+001
3105000;-1.939008E+001;-2.135719E+001
3116000;-1.939008E+001;-2.135719E+001
3128000;-1.967109E+001;-2.135719E+001
3139000;-1.939008E+001;-2.135719E+001
3150000;-1.995211E+001;-2.360531E+001
3164000;-2.220024E+001;-2.360531E+001
3176000;-2.051414E+001;-2.093567E+001
3187000;-1.910906E+001;-2.121668E+001
3198000;-1.924957E+001;-2.093567E+001
3209000;-1.882805E+001;-2.121668E+001
3221000;-1.939008E+001;-2.107617E+001
3233000;-1.896856E+001;-2.163820E+001
3244000;-1.896856E+001;-2.205973E+001
3256000;-1.939008E+001;-2.149770E+001
3268000;-1.939008E+001;-2.163820E+001
3280000;-1.924957E+001;-2.149770E+001
3293000;-1.953059E+001;-2.149770E+001
3304000;-1.967109E+001;-2.149770E+001
3316000;-1.924957E+001;-2.163820E+001
3328000;-1.896856E+001;-2.149770E+001
3340000;-1.924957E+001;-2.416735E+001
3352000;-1.854703E+001;-2.360531E+001
3364000;-1.939008E+001;-2.360531E+001
3376000;-1.939008E+001;-2.360531E+001
3387000;-1.882805E+001;-2.360531E+001
3398000;-1.896856E+001;-2.360531E+001
3410000;-1.882805E+001;-2.360531E+001
3421000;-1.924957E+001;-2.107617E+001
3434000;-1.924957E+001;-2.121668E+001
3446000;-1.910906E+001;-2.149770E+001
3457000;-1.953059E+001;-2.121668E+001
3468000;-1.910906E+001;-2.107617E+001
3479000;-1.910906E+001;-2.135719E+001
3490000;-1.882805E+001;-2.121668E+001
3501000;-1.882805E+001;-2.135719E+001
3513000;-1.868754E+001;-2.121668E+001
3525000;-1.939008E+001;-2.121668E+001
3537000;-1.882805E+001;-2.135719E+001
3549000;-1.882805E+001;-2.177871E+001
3560000;-1.939008E+001;-2.163820E+001
3571000;-1.967109E+001;-2.135719E+001
3582000;-1.953059E+001;-2.135719E+001
3593000;-1.882805E+001;-2.360531E+001
3604000;-1.882805E+001;-2.149770E+001
3616000;-1.896856E+001;-2.360531E+001
3627000;-1.840652E+001;-2.149770E+001
3638000;-1.868754E+001;-2.149770E+001
3649000;-1.910906E+001;-2.149770E+001
3660000;-1.784449E+001;-2.121668E+001
3671000;-2.149770E+001;-2.149770E+001
3683000;-1.995211E+001;-2.121668E+001
3694000;-2.205973E+001;-2.107617E+001
3707000;-1.995211E+001;-2.177871E+001
3718000;-1.896856E+001;-2.135719E+001
3729000;-2.065465E+001;-2.135719E+001
3740000;-1.910906E+001;-2.135719E+001
3752000;-1.939008E+001;-2.149770E+001
3763000;-1.939008E+001;-2.135719E+001
3775000;-1.812551E+001;-2.220024E+001
3787000;-1.798500E+001;-2.135719E+001
3799000;-1.910906E+001;-2.149770E+001
3811000;-1.910906E+001;-2.135719E+001
3822000;-1.910906E+001;-2.149770E+001
3833000;-1.910906E+001;-2.332430E+001
3844000;-1.882805E+001;-2.360531E+001
3855000;-1.882805E+001;-2.360531E+001
3866000;-1.868754E+001;-2.346481E+001
3877000;-1.910906E+001;-2.332430E+001
3889000;-1.910906E+001;-2.107617E+001
3900000;-1.910906E+001;-2.107617E+001
3911000;-1.910906E+001;-2.107617E+001
3923000;-1.896856E+001;-2.107617E+001
3935000;-1.910906E+001;-2.121668E+001
3946000;-1.910906E+001;-2.332430E+001
3958000;-1.967109E+001;-2.149770E+001
3970000;-1.910906E+001;-2.135719E+001
3982000;-1.882805E+001;-2.121668E+001
3994000;-1.910906E+001;-2.135719E+001
4005000;-1.882805E+001;-2.121668E+001
4016000;-1.896856E+001;-2.149770E+001
4027000;-1.939008E+001;-2.163820E+001
4039000;-1.939008E+001;-2.149770E+001
4051000;-2.037363E+001;-2.135719E+001
4062000;-1.953059E+001;-2.135719E+001
4074000;-1.995211E+001;-2.304328E+001
4086000;-1.939008E+001;-2.360531E+001
4097000;-1.953059E+001;-2.360531E+001
4108000;-1.910906E+001;-2.360531E+001
4119000;-1.812551E+001;-2.304328E+001
4130000;-1.826602E+001;-2.107617E+001
4142000;-1.854703E+001;-2.121668E+001
4155000;-1.756348E+001;-2.079516E+001
4167000;-1.910906E+001;-2.093567E+001
4178000;-2.220024E+001;-2.093567E+001
4189000;-1.910906E+001;-2.107617E+001
4201000;-1.910906E+001;-2.135719E+001
4213000;-1.896856E+001;-2.135719E+001
4224000;-1.910906E+001;-2.107617E+001
4235000;-1.939008E+001;-2.135719E+001
4246000;-1.910906E+001;-2.135719E+001
4257000;-1.910906E+001;-2.149770E+001
4270000;-1.939008E+001;-2.135719E+001
4282000;-1.896856E+001;-2.135719E+001
4294000;-1.924957E+001;-2.135719E+001
4306000;-1.939008E+001;-2.135719E+001
4317000;-1.939008E+001;-2.360531E+001
4329000;-1.939008E+001;-2.346481E+001
4341000;-1.939008E+001;-2.388633E+001
4353000;-1.896856E+001;-2.346481E+001
4365000;-1.939008E+001;-2.304328E+001
4376000;-1.924957E+001;-2.107617E+001
4387000;-1.939008E+001;-2.107617E+001
4399000;-1.939008E+001;-2.093567E+001
4411000;-1.939008E+001;-2.093567E+001
4422000;-1.953059E+001;-2.093567E+001
4435000;-1.939008E+001;-2.135719E+001
4447000;-1.924957E+001;-2.121668E+001
4459000;-1.967109E+001;-2.121668E+001
4470000;-1.953059E+001;-2.135719E+001
4481000;-1.967109E+001;-2.135719E+001
4493000;-1.910906E+001;-2.135719E+001
4505000;-1.910906E+001;-2.149770E+001
4517000;-1.939008E+001;-2.121668E+001
4530000;-1.953059E+001;-2.135719E+001
4542000;-1.939008E+001;-2.149770E+001
4553000;-1.924957E+001;-2.332430E+001
4564000;-1.924957E+001;-2.332430E+001
4575000;-1.967109E+001;-2.332430E+001
4586000;-1.981160E+001;-2.360531E+001
4597000;-1.981160E+001;-2.360531E+001
4609000;-1.896856E+001;-2.149770E+001
4621000;-1.868754E+001;-2.107617E+001
4632000;-1.826602E+001;-2.093567E+001
4643000;-1.854703E+001;-2.093567E+001
4655000;-1.981160E+001;-2.107617E+001
4667000;-1.981160E+001;-2.107617E+001
4678000;-1.995211E+001;-2.149770E+001
4689000;-2.037363E+001;-2.135719E+001
4700000;-1.953059E+001;-2.135719E+001
4711000;-1.953059E+001;-2.135719E+001
4723000;-1.896856E+001;-2.135719E+001
4734000;-1.953059E+001;-2.135719E+001
4745000;-1.953059E+001;-2.149770E+001
4756000;-1.924957E+001;-2.163820E+001
4767000;-1.924957E+001;-2.149770E+001
4778000;-1.939008E+001;-2.163820E+001
4790000;-1.939008E+001;-2.149770E+001
4801000;-1.939008E+001;-2.332430E+001
4813000;-1.939008E+001;-2.304328E+001
4824000;-1.924957E+001;-2.318379E+001
4836000;-1.854703E+001;-2.290277E+001
4847000;-1.756348E+001;-2.037363E+001
4858000;-1.615840E+001;-1.953059E+001
4869000;-1.503434E+001;-1.728246E+001
4881000;-1.419129E+001;-1.615840E+001
4892000;-1.334824E+001;-1.264570E+001
4905000;-1.039758E+001;-1.419129E+001
4915000;-8.570977E+000;-9.554531E+000
4927000;-6.603868E+000;-6.884883E+000
4940000;-4.074727E+000;-5.339297E+000
4953000;-8.430469E-001;-4.074727E+000
4964000;1.967109E+000;9.835547E-001
4977000;4.215235E-001;1.826602E+000
4989000;4.215234E+000;3.231680E+000
5005000;1.686094E+000;9.835547E-001
5017000;2.810156E+000;4.215234E+000
5029000;4.074727E+000;6.463359E+000
5040000;5.620313E+000;6.744375E+000
5051000;8.430469E+000;7.587422E+000
5063000;1.081910E+001;6.182344E+000
5076000;1.278621E+001;7.165899E+000
5087000;1.362926E+001;5.620313E+000
5099000;1.517484E+001;3.793711E+000
5110000;1.475332E+001;4.636758E+000
5121000;1.419129E+001;5.058281E+000
5134000;1.222418E+001;5.339297E+000
5146000;1.208367E+001;5.479805E+000
5158000;1.208367E+001;5.620313E+000
5169000;9.414023E+000;5.901328E+000
5181000;8.289961E+000;6.603868E+000
5192000;1.138113E+001;6.603868E+000
5204000;1.095961E+001;5.198789E+000
5215000;1.138113E+001;5.198789E+000
5228000;1.053809E+001;5.198789E+000
5239000;1.025707E+001;5.198789E+000
5250000;1.053809E+001;5.198789E+000
5262000;1.095961E+001;5.620313E+000
5274000;1.152164E+001;6.884883E+000
5285000;1.166215E+001;7.727930E+000
5296000;1.250520E+001;7.868438E+000
5307000;1.292672E+001;7.868438E+000
5318000;1.236469E+001;8.430469E+000
5330000;1.180266E+001;7.165899E+000
5341000;1.194316E+001;7.165899E+000
5352000;1.152164E+001;7.446914E+000
5364000;1.194316E+001;7.868438E+000
5377000;1.250520E+001;8.289961E+000
5389000;1.250520E+001;9.273516E+000
5400000;1.236469E+001;9.835547E+000
5411000;1.250520E+001;1.011656E+001
5422000;1.236469E+001;1.067859E+001
5433000;1.208367E+001;1.039758E+001
5445000;1.208367E+001;1.067859E+001
5458000;1.222418E+001;9.414023E+000
5470000;1.208367E+001;9.273516E+000
5481000;1.208367E+001;9.695040E+000
5494000;1.208367E+001;9.695040E+000
5505000;1.194316E+001;1.011656E+001
5517000;1.208367E+001;1.025707E+001
5529000;1.194316E+001;1.011656E+001
5540000;1.194316E+001;9.695040E+000
5552000;1.194316E+001;1.011656E+001
5563000;1.180266E+001;8.289961E+000
5574000;1.180266E+001;7.165899E+000
5585000;1.180266E+001;7.165899E+000
5597000;1.208367E+001;7.868438E+000
5608000;1.208367E+001;8.711485E+000
5619000;1.236469E+001;8.430469E+000
5632000;1.250520E+001;8.711485E+000
5644000;1.292672E+001;8.711485E+000
5656000;1.306723E+001;8.711485E+000
5667000;1.278621E+001;8.851993E+000
5678000;1.152164E+001;8.992500E+000
5690000;1.236469E+001;9.133008E+000
5702000;1.222418E+001;9.414023E+000
5713000;1.222418E+001;8.992500E+000
5725000;1.208367E+001;8.149453E+000
5737000;1.208367E+001;6.603868E+000
5748000;1.194316E+001;7.306406E+000
5760000;1.180266E+001;8.851993E+000
5773000;1.180266E+001;9.695040E+000
5785000;1.180266E+001;9.273516E+000
5797000;1.138113E+001;9.414023E+000
5813000;1.124063E+001;7.446914E+000
5825000;1.110012E+001;7.025391E+000
5837000;1.053809E+001;6.603868E+000
5848000;1.067859E+001;6.182344E+000
5859000;1.110012E+001;5.620313E+000
5871000;1.067859E+001;5.058281E+000
5882000;8.289961E+000;-2.388633E+001
5893000;1.039758E+001;-2.149770E+001
5905000;2.810156E+000;-2.894461E+001
5917000;-8.008945E+000;-1.081910E+001
5928000;-7.025391E+000;-1.306723E+001
5940000;-8.430469E+000;-1.025707E+001
5952000;-1.278621E+001;-5.479805E+000
5964000;-1.629891E+001;-6.884883E+000
5976000;-2.135719E+001;-1.053809E+001
5989000;-1.840652E+001;-1.011656E+001
6002000;-2.051414E+001;-1.236469E+001
6013000;-1.643941E+001;-1.391027E+001
6025000;-1.559637E+001;-1.376977E+001
6037000;-1.433180E+001;-1.292672E+001
6049000;-1.503434E+001;-1.292672E+001
6060000;-1.236469E+001;-1.011656E+001
6071000;-1.152164E+001;-1.166215E+001
6082000;-1.405078E+001;-1.391027E+001
6093000;-1.292672E+001;-1.236469E+001
6104000;-1.306723E+001;-1.334824E+001
6116000;-1.222418E+001;-1.306723E+001
6128000;-1.124063E+001;-1.362926E+001
6140000;-1.264570E+001;-1.348875E+001
6152000;-1.053809E+001;-1.461281E+001
6164000;-1.194316E+001;-1.405078E+001
6175000;-1.039758E+001;-1.264570E+001
6186000;-1.166215E+001;-1.334824E+001
6197000;-1.067859E+001;-1.138113E+001
6209000;-9.133008E+000;-1.362926E+001
6220000;-1.081910E+001;-1.208367E+001
6232000;-7.868438E+000;-1.067859E+001
6245000;-7.587422E+000;-1.292672E+001
6257000;-9.133008E+000;-1.124063E+001
6268000;-6.884883E+000;-1.110012E+001
6281000;-6.603868E+000;-1.250520E+001
6292000;-7.165899E+000;-1.208367E+001
6304000;-8.008945E+000;-8.008945E+000
6315000;-7.306406E+000;-8.149453E+000
6326000;-7.587422E+000;-7.306406E+000
6337000;-7.727930E+000;-8.851993E+000
6349000;-7.868438E+000;-5.339297E+000
6361000;-7.727930E+000;-8.851993E+000
6372000;-7.587422E+000;-8.008945E+000
6383000;-7.306406E+000;-8.008945E+000
6395000;-7.025391E+000;-8.430469E+000
6406000;-6.744375E+000;-8.570977E+000
6417000;-6.744375E+000;-8.851993E+000
6429000;-6.744375E+000;-8.992500E+000
6440000;-5.198789E+000;-8.430469E+000
6451000;-5.620313E+000;-8.570977E+000
6462000;-5.620313E+000;-8.992500E+000
6473000;-5.620313E+000;-8.992500E+000
6484000;-5.901328E+000;-1.110012E+001
6495000;-5.479805E+000;-1.067859E+001
6507000;-5.479805E+000;-1.152164E+001
6518000;-5.479805E+000;-1.250520E+001
6531000;-5.760820E+000;-1.264570E+001
6542000;-7.025391E+000;-1.110012E+001
6555000;-8.992500E+000;-1.362926E+001
6566000;-9.976055E+000;-1.264570E+001
6577000;-1.278621E+001;-1.419129E+001
6589000;-1.419129E+001;-1.559637E+001
6601000;-1.391027E+001;-1.686094E+001
6612000;-1.629891E+001;-1.629891E+001
6624000;-1.756348E+001;-1.854703E+001
6636000;-1.742297E+001;-1.700145E+001
6648000;-2.107617E+001;-1.854703E+001
6659000;-2.051414E+001;-1.995211E+001
6670000;-2.163820E+001;-1.868754E+001
6682000;-2.191922E+001;-1.882805E+001
6693000;-1.798500E+001;-1.896856E+001
6704000;-1.896856E+001;-1.882805E+001
6716000;-2.191922E+001;-2.079516E+001
6728000;-2.248125E+001;-2.107617E+001
6739000;-2.346481E+001;-2.191922E+001
6752000;-2.416735E+001;-2.374582E+001
6764000;-2.472938E+001;-2.444836E+001
6776000;-2.585344E+001;-2.290277E+001
6788000;-2.655598E+001;-2.332430E+001
6800000;-2.711801E+001;-2.360531E+001
6812000;-2.796106E+001;-2.402684E+001
6824000;-2.810156E+001;-2.458887E+001
6835000;-2.852309E+001;-2.543192E+001
6846000;-2.880410E+001;-2.543192E+001
6857000;-2.880410E+001;-2.557242E+001
6869000;-2.950664E+001;-2.515090E+001
6880000;-2.950664E+001;-2.543192E+001
6892000;-2.922563E+001;-2.515090E+001
6904000;-2.908512E+001;-2.529141E+001
6917000;-2.908512E+001;-2.529141E+001
6929000;-2.936613E+001;-2.529141E+001
6940000;-2.936613E+001;-2.529141E+001
6951000;-2.866360E+001;-2.627496E+001
6964000;-2.880410E+001;-2.613445E+001
6976000;-2.852309E+001;-2.613445E+001
6987000;-2.824207E+001;-2.613445E+001
6999000;-2.768004E+001;-2.613445E+001
7012000;-2.655598E+001;-2.486988E+001
7025000;-2.669649E+001;-2.444836E+001
7037000;-2.655598E+001;-2.444836E+001
7048000;-2.543192E+001;-2.472938E+001
7061000;-2.472938E+001;-2.458887E+001
7073000;-2.458887E+001;-2.501039E+001
7085000;-2.458887E+001;-2.444836E+001
7097000;-2.416735E+001;-2.444836E+001
7110000;-2.402684E+001;-2.472938E+001
7122000;-2.346481E+001;-2.472938E+001
7134000;-2.529141E+001;-2.472938E+001
7145000;-2.416735E+001;-2.444836E+001
7157000;-2.515090E+001;-2.402684E+001
7169000;-2.515090E+001;-2.332430E+001
7181000;-2.515090E+001;-2.304328E+001
7193000;-2.571293E+001;-2.332430E+001
7204000;-2.177871E+001;-2.501039E+001
7216000;-2.220024E+001;-2.543192E+001
7228000;-2.304328E+001;-2.529141E+001
7240000;-2.444836E+001;-2.515090E+001
7252000;-2.458887E+001;-2.304328E+001
7264000;-2.458887E+001;-2.290277E+001
7275000;-2.430785E+001;-2.290277E+001
7287000;-2.458887E+001;-2.318379E+001
7299000;-2.444836E+001;-2.318379E+001
7311000;-2.458887E+001;-2.318379E+001
7322000;-2.444836E+001;-2.346481E+001
7334000;-2.402684E+001;-2.346481E+001
7346000;-2.402684E+001;-2.332430E+001
7357000;-2.402684E+001;-2.332430E+001
7368000;-2.416735E+001;-2.346481E+001
7382000;-2.444836E+001;-2.346481E+001
7394000;-2.416735E+001;-2.346481E+001
7406000;-2.416735E+001;-2.360531E+001
7418000;-2.388633E+001;-2.346481E+001
7430000;-2.402684E+001;-2.346481E+001
7441000;-2.402684E+001;-2.543192E+001
7452000;-2.444836E+001;-2.543192E+001
7464000;-2.416735E+001;-2.543192E+001
7475000;-2.416735E+001;-2.543192E+001
7487000;-2.416735E+001;-2.515090E+001
7499000;-2.402684E+001;-2.543192E+001
7511000;-2.416735E+001;-2.318379E+001
7523000;-2.402684E+001;-2.304328E+001
7534000;-2.402684E+001;-2.346481E+001
7545000;-2.430785E+001;-2.304328E+001
7558000;-2.430785E+001;-2.374582E+001
7570000;-2.416735E+001;-2.346481E+001
7581000;-2.374582E+001;-2.346481E+001
7592000;-2.430785E+001;-2.346481E+001
7603000;-2.416735E+001;-2.346481E+001
7614000;-2.374582E+001;-2.346481E+001
7625000;-2.374582E+001;-2.346481E+001
7637000;-2.430785E+001;-2.374582E+001
7649000;-2.416735E+001;-2.346481E+001
7661000;-2.472938E+001;-2.360531E+001
7673000;-2.529141E+001;-2.360531E+001
7685000;-2.515090E+001;-2.529141E+001
7697000;-2.641547E+001;-2.529141E+001
7709000;-2.304328E+001;-2.529141E+001
7721000;-2.149770E+001;-2.529141E+001
7733000;-2.430785E+001;-2.529141E+001
7745000;-2.402684E+001;-2.346481E+001
7758000;-2.416735E+001;-2.346481E+001
7771000;-2.402684E+001;-2.346481E+001
7783000;-2.402684E+001;-2.346481E+001
7796000;-2.416735E+001;-2.318379E+001
7807000;-2.416735E+001;-2.360531E+001
7818000;-2.416735E+001;-2.374582E+001
7830000;-2.416735E+001;-2.374582E+001
7843000;-2.430785E+001;-2.360531E+001
7856000;-2.416735E+001;-2.374582E+001
7868000;-2.430785E+001;-2.374582E+001
7879000;-2.430785E+001;-2.374582E+001
7891000;-2.444836E+001;-2.374582E+001
7902000;-2.430785E+001;-2.360531E+001
7914000;-2.444836E+001;-2.374582E+001
7925000;-2.444836E+001;-2.543192E+001
7936000;-2.416735E+001;-2.543192E+001
7947000;-2.416735E+001;-2.543192E+001
7958000;-2.416735E+001;-2.543192E+001
7970000;-2.416735E+001;-2.529141E+001
7983000;-2.416735E+001;-2.332430E+001
7995000;-2.402684E+001;-2.346481E+001
8006000;-2.444836E+001;-2.332430E+001
8018000;-2.416735E+001;-2.332430E+001
8031000;-2.444836E+001;-2.332430E+001
8042000;-2.430785E+001;-2.346481E+001
8053000;-2.444836E+001;-2.374582E+001
8064000;-2.388633E+001;-2.346481E+001
8075000;-2.388633E+001;-2.346481E+001
8087000;-2.318379E+001;-2.346481E+001
8098000;-2.360531E+001;-2.402684E+001
8110000;-2.402684E+001;-2.374582E+001
8121000;-2.388633E+001;-2.388633E+001
8132000;-2.346481E+001;-2.374582E+001
8143000;-2.388633E+001;-2.346481E+001
8154000;-2.402684E+001;-2.374582E+001
8166000;-2.529141E+001;-2.543192E+001
8177000;-2.529141E+001;-2.543192E+001
8188000;-2.501039E+001;-2.543192E+001
8199000;-2.613445E+001;-2.543192E+001
8211000;-2.571293E+001;-2.529141E+001
8223000;-2.079516E+001;-2.346481E+001
8235000;-2.177871E+001;-2.346481E+001
8246000;-2.416735E+001;-2.332430E+001
8258000;-2.416735E+001;-2.318379E+001
8269000;-2.515090E+001;-2.318379E+001
8280000;-2.416735E+001;-2.388633E+001
8291000;-2.444836E+001;-2.360531E+001
8304000;-2.416735E+001;-2.346481E+001
8315000;-2.416735E+001;-2.332430E+001
8327000;-2.416735E+001;-2.346481E+001
8339000;-2.388633E+001;-2.360531E+001
8351000;-2.388633E+001;-2.374582E+001
8363000;-2.388633E+001;-2.360531E+001
8376000;-2.402684E+001;-2.346481E+001
8388000;-2.402684E+001;-2.346481E+001
8400000;-2.402684E+001;-2.346481E+001
8412000;-2.388633E+001;-2.543192E+001
8423000;-2.388633E+001;-2.543192E+001
8435000;-2.402684E+001;-2.543192E+001
8447000;-2.416735E+001;-2.543192E+001
8458000;-2.402684E+001;-2.374582E+001
8469000;-2.402684E+001;-2.332430E+001
8481000;-2.402684E+001;-2.346481E+001
8492000;-2.388633E+001;-2.346481E+001
8504000;-2.388633E+001;-2.318379E+001
8516000;-2.388633E+001;-2.388633E+001
8527000;-2.388633E+001;-2.346481E+001
8539000;-2.318379E+001;-2.360531E+001
8550000;-2.388633E+001;-2.374582E+001
8561000;-2.402684E+001;-2.346481E+001
8572000;-2.402684E+001;-2.346481E+001
8583000;-2.388633E+001;-2.374582E+001
8595000;-2.388633E+001;-2.374582E+001
8607000;-2.388633E+001;-2.374582E+001
8619000;-2.388633E+001;-2.346481E+001
8630000;-2.388633E+001;-2.571293E+001
8642000;-2.360531E+001;-2.543192E+001
8653000;-2.388633E+001;-2.543192E+001
8666000;-2.486988E+001;-2.543192E+001
8677000;-2.543192E+001;-2.543192E+001
8688000;-2.486988E+001;-2.529141E+001
8700000;-2.374582E+001;-2.332430E+001
8713000;-2.135719E+001;-2.360531E+001
8724000;-2.177871E+001;-2.346481E+001
8736000;-2.388633E+001;-2.360531E+001
8748000;-2.388633E+001;-2.360531E+001
8760000;-2.388633E+001;-2.402684E+001
8772000;-2.402684E+001;-2.388633E+001
8784000;-2.388633E+001;-2.360531E+001
8795000;-2.416735E+001;-2.374582E+001
8806000;-2.416735E+001;-2.346481E+001
8819000;-2.416735E+001;-2.402684E+001
8831000;-2.430785E+001;-2.388633E+001
8843000;-2.458887E+001;-2.374582E+001
8855000;-2.416735E+001;-2.374582E+001
8866000;-2.416735E+001;-2.374582E+001
8877000;-2.458887E+001;-2.374582E+001
8888000;-2.402684E+001;-2.585344E+001
8899000;-2.402684E+001;-2.543192E+001
8911000;-2.360531E+001;-2.486988E+001
8922000;-2.276227E+001;-2.374582E+001
8933000;-2.065465E+001;-2.248125E+001
8945000;-1.910906E+001;-1.868754E+001
8957000;-1.503434E+001;-1.489383E+001
8968000;-1.152164E+001;-1.222418E+001
8979000;-8.992500E+000;-9.554531E+000
8990000;-5.198789E+000;-6.884883E+000
9003000;-1.405078E+000;-4.215234E+000
9014000;9.835547E-001;-2.107617E+000
9025000;1.967109E+000;1.405078E+000
9036000;5.198789E+000;1.405078E+000
9048000;2.248125E+000;2.388633E+000
9060000;5.339297E+000;3.372188E+000
9072000;7.025391E+000;3.653203E+000
9085000;1.278621E+001;8.570977E+000
9097000;1.953059E+001;7.727930E+000
9109000;1.812551E+001;4.496250E+000
9122000;1.489383E+001;5.198789E+000
9134000;1.615840E+001;6.182344E+000
9147000;1.391027E+001;7.587422E+000
9159000;1.419129E+001;7.165899E+000
9170000;1.489383E+001;6.182344E+000
9181000;1.405078E+001;6.744375E+000
9192000;1.236469E+001;6.463359E+000
9204000;1.124063E+001;5.479805E+000
9215000;1.264570E+001;3.793711E+000
9227000;1.081910E+001;4.496250E+000
9239000;1.124063E+001;4.777266E+000
9251000;1.222418E+001;5.760820E+000
9262000;1.194316E+001;4.636758E+000
9274000;1.081910E+001;4.355742E+000
9286000;1.095961E+001;5.198789E+000
9298000;1.053809E+001;3.934219E+000
9309000;1.180266E+001;4.355742E+000
9321000;1.236469E+001;5.339297E+000
9332000;1.264570E+001;5.058281E+000
9343000;1.320774E+001;5.620313E+000
9354000;1.320774E+001;4.215234E+000
9366000;1.320774E+001;4.355742E+000
9379000;1.292672E+001;4.777266E+000
9391000;1.391027E+001;3.512695E+000
9403000;1.615840E+001;4.636758E+000
9414000;1.742297E+001;7.306406E+000
9426000;2.135719E+001;5.339297E+000
9437000;2.501039E+001;2.529141E+000
9449000;2.711801E+001;3.372188E+000
9460000;2.739902E+001;5.339297E+000
9471000;2.810156E+001;4.496250E+000
9482000;2.824207E+001;3.091172E+000
9493000;2.838258E+001;3.091172E+000
9504000;2.852309E+001;3.231680E+000
9516000;2.824207E+001;3.934219E+000
9528000;2.838258E+001;4.355742E+000
9540000;2.838258E+001;5.901328E+000
9551000;2.810156E+001;6.041836E+000
9562000;2.768004E+001;6.322852E+000
9573000;2.711801E+001;7.165899E+000
9585000;2.655598E+001;7.446914E+000
9596000;2.585344E+001;7.025391E+000
9607000;2.529141E+001;8.851993E+000
9618000;2.486988E+001;1.011656E+001
9630000;2.444836E+001;9.414023E+000
9641000;2.360531E+001;9.414023E+000
9652000;2.304328E+001;7.868438E+000
9663000;2.262176E+001;9.414023E+000
9674000;2.234074E+001;7.868438E+000
9687000;2.234074E+001;7.868438E+000
9699000;2.205973E+001;5.620313E+000
9710000;2.234074E+001;7.587422E+000
9721000;2.234074E+001;7.446914E+000
9734000;2.163820E+001;6.463359E+000
9747000;2.234074E+001;6.603868E+000
9758000;2.234074E+001;6.322852E+000
9771000;2.248125E+001;5.760820E+000
9782000;2.262176E+001;6.041836E+000
9793000;2.290277E+001;7.025391E+000
9804000;2.318379E+001;7.025391E+000
9815000;2.332430E+001;6.744375E+000
9827000;2.360531E+001;6.603868E+000
9838000;2.374582E+001;6.463359E+000
9849000;2.388633E+001;7.446914E+000
9866000;2.402684E+001;7.306406E+000
9878000;2.402684E+001;7.165899E+000
9890000;2.416735E+001;6.884883E+000
9901000;2.402684E+001;6.884883E+000
9913000;2.388633E+001;6.182344E+000
9924000;2.374582E+001;6.182344E+000
9935000;2.374582E+001;6.322852E+000
9946000;2.346481E+001;6.463359E+000
9958000;2.346481E+001;6.603868E+000
9969000;2.318379E+001;6.744375E+000
9980000;2.318379E+001;6.884883E+000
9991000;2.304328E+001;5.620313E+000
10002000;2.220024E+001;-2.669648E+000
10013000;2.121668E+001;-2.669648E+000
10024000;1.896856E+001;-1.264570E+000
10035000;1.728246E+001;-4.355742E+000
10046000;1.447231E+001;-7.025391E-001
10057000;1.166215E+001;-2.810156E-001
10069000;8.711485E+000;2.669648E+000
10080000;6.744375E+000;3.372188E+000
10092000;6.041836E+000;4.496250E+000
10103000;4.215234E+000;6.182344E+000
10115000;4.917774E+000;3.231680E+000
10127000;5.339297E+000;3.793711E+000
10139000;4.636758E+000;2.248125E+000
10150000;3.372188E+000;-1.264570E+000
10161000;3.653203E+000;-5.058281E+000
10172000;2.950664E+000;-6.463359E+000
10183000;2.248125E+000;-6.603868E+000
10196000;-5.198789E+000;-6.603868E+000
10207000;-8.570977E+000;-6.041836E+000
10218000;-8.711485E+000;-1.110012E+001
10231000;-9.554531E+000;-7.446914E+000
10242000;-2.430785E+001;-5.760820E+000
10254000;-2.585344E+001;-1.475332E+001
10265000;-3.077121E+001;-1.756348E+001
10277000;-2.669649E+001;-2.037363E+001
10288000;-2.978766E+001;-1.405078E+001
10299000;-2.641547E+001;-1.896856E+001
10310000;-2.220024E+001;-1.461281E+001
10323000;-1.770399E+001;-1.461281E+001
10334000;-1.433180E+001;-1.531535E+001
10346000;-1.138113E+001;-1.447231E+001
10358000;-9.273516E+000;-1.629891E+001
10370000;-8.289961E+000;-1.700145E+001
10381000;-6.182344E+000;-1.615840E+001
10394000;-5.479805E+000;-1.461281E+001
10405000;-6.041836E+000;-1.573688E+001
10417000;-4.074727E+000;-1.461281E+001
10428000;-2.950664E+000;-1.643941E+001
10438000;-5.058281E+000;-1.601789E+001
10450000;-3.231680E+000;-1.784449E+001
10461000;-5.620313E+000;-1.826602E+001
10471000;-4.355742E+000;-1.854703E+001
10482000;-5.760820E+000;-1.868754E+001
10493000;-5.901328E+000;-1.868754E+001
10505000;-6.322852E+000;-1.939008E+001
10517000;-6.884883E+000;-1.910906E+001
10529000;-7.446914E+000;-1.910906E+001
10541000;-7.868438E+000;-1.882805E+001
10554000;-8.149453E+000;-1.854703E+001
10566000;-8.149453E+000;-1.882805E+001
10578000;-8.149453E+000;-1.854703E+001
10590000;-8.289961E+000;-1.854703E+001
10601000;-8.430469E+000;-1.840652E+001
10612000;-8.711485E+000;-1.812551E+001
10624000;-8.992500E+000;-1.503434E+001
10636000;-8.992500E+000;-1.531535E+001
10647000;-9.133008E+000;-1.559637E+001
10658000;-9.835547E+000;-1.573688E+001
10670000;-9.273516E+000;-1.587738E+001
10681000;-8.570977E+000;-1.672043E+001
10692000;-8.008945E+000;-1.643941E+001
10704000;-8.289961E+000;-1.629891E+001
10716000;-8.570977E+000;-1.643941E+001
10727000;-8.570977E+000;-1.643941E+001
10740000;-1.025707E+001;-1.672043E+001
10753000;-1.053809E+001;-1.686094E+001
10764000;-1.039758E+001;-1.700145E+001
10777000;-1.053809E+001;-1.728246E+001
10789000;-1.138113E+001;-1.714195E+001
10800000;-1.166215E+001;-1.714195E+001
10811000;-1.250520E+001;-1.953059E+001
10823000;-1.264570E+001;-2.023313E+001
10835000;-1.278621E+001;-2.107617E+001
10847000;-1.292672E+001;-2.149770E+001
10859000;-1.348875E+001;-2.121668E+001
10870000;-1.433180E+001;-1.840652E+001
10882000;-1.503434E+001;-1.868754E+001
10893000;-1.503434E+001;-1.882805E+001
10905000;-1.475332E+001;-1.910906E+001
10916000;-1.503434E+001;-1.967109E+001
10928000;-1.545586E+001;-2.009262E+001
10941000;-1.601789E+001;-1.995211E+001
10953000;-1.714195E+001;-1.981160E+001
10965000;-1.798500E+001;-2.023313E+001
10977000;-1.798500E+001;-2.065465E+001
10988000;-1.812551E+001;-2.107617E+001
11000000;-1.826602E+001;-2.093567E+001
11012000;-1.840652E+001;-2.065465E+001
11024000;-1.854703E+001;-2.079516E+001
11035000;-1.882805E+001;-2.093567E+001
11047000;-1.896856E+001;-2.416735E+001
11059000;-1.910906E+001;-2.388633E+001
11071000;-1.981160E+001;-2.416735E+001
11098000;-1.995211E+001;-2.472938E+001
11110000;-2.009262E+001;-2.234074E+001
11122000;-2.051414E+001;-2.248125E+001
11133000;-2.065465E+001;-2.262176E+001
11145000;-2.051414E+001;-2.248125E+001
11157000;-2.079516E+001;-2.248125E+001
11169000;-2.051414E+001;-2.262176E+001
11181000;-2.051414E+001;-2.276227E+001
11193000;-2.051414E+001;-2.248125E+001
11205000;-2.023313E+001;-2.248125E+001
11217000;-2.037363E+001;-2.248125E+001
11229000;-2.023313E+001;-2.262176E+001
11240000;-2.079516E+001;-2.276227E+001
11252000;-2.093567E+001;-2.262176E+001
11264000;-2.065465E+001;-2.262176E+001
11275000;-2.037363E+001;-2.262176E+001
11286000;-2.051414E+001;-2.472938E+001
11298000;-2.051414E+001;-2.472938E+001
11310000;-2.051414E+001;-2.472938E+001
11323000;-2.065465E+001;-2.472938E+001
11335000;-2.051414E+001;-2.472938E+001
11346000;-2.065465E+001;-2.220024E+001
11358000;-2.051414E+001;-2.248125E+001
11370000;-2.065465E+001;-2.220024E+001
11382000;-2.065465E+001;-2.234074E+001
11393000;-2.051414E+001;-2.248125E+001
11405000;-2.065465E+001;-2.290277E+001
11416000;-2.065465E+001;-2.276227E+001
11427000;-2.065465E+001;-2.248125E+001
11439000;-2.065465E+001;-2.262176E+001
11450000;-2.079516E+001;-2.248125E+001
11461000;-2.079516E+001;-2.220024E+001
11472000;-2.079516E+001;-2.262176E+001
11484000;-2.079516E+001;-2.276227E+001
11495000;-2.065465E+001;-2.234074E+001
11506000;-2.079516E+001;-2.262176E+001
11518000;-2.079516E+001;-2.234074E+001
11530000;-2.093567E+001;-2.444836E+001
11541000;-2.079516E+001;-2.430785E+001
11553000;-2.079516E+001;-2.444836E+001
11565000;-2.079516E+001;-2.444836E+001
11577000;-2.065465E+001;-2.444836E+001
11588000;-2.079516E+001;-2.290277E+001
11600000;-2.065465E+001;-2.220024E+001
11611000;-2.079516E+001;-2.220024E+001
11622000;-2.079516E+001;-2.220024E+001
11634000;-2.093567E+001;-2.234074E+001
11645000;-2.079516E+001;-2.276227E+001
11657000;-2.093567E+001;-2.262176E+001
11669000;-2.079516E+001;-2.276227E+001
11681000;-2.065465E+001;-2.234074E+001
11692000;-2.065465E+001;-2.262176E+001
11703000;-2.051414E+001;-2.276227E+001
11715000;-2.051414E+001;-2.290277E+001
11727000;-2.051414E+001;-2.276227E+001
11739000;-2.079516E+001;-2.248125E+001
11751000;-2.093567E+001;-2.248125E+001
11764000;-2.051414E+001;-2.529141E+001
11775000;-2.065465E+001;-2.501039E+001
11787000;-2.065465E+001;-2.458887E+001
11798000;-2.079516E+001;-2.501039E+001
11810000;-2.051414E+001;-2.501039E+001
11821000;-2.065465E+001;-2.501039E+001
11832000;-2.079516E+001;-2.248125E+001
11844000;-2.065465E+001;-2.234074E+001
11855000;-2.051414E+001;-2.234074E+001
11867000;-2.051414E+001;-2.205973E+001
11879000;-2.051414E+001;-2.177871E+001
11890000;-2.051414E+001;-2.205973E+001
11902000;-2.037363E+001;-2.205973E+001
11914000;-1.981160E+001;-2.163820E+001
11925000;-1.910906E+001;-2.107617E+001
11937000;-1.854703E+001;-1.939008E+001
11948000;-1.714195E+001;-1.812551E+001
11960000;-1.376977E+001;-1.531535E+001
11972000;-1.053809E+001;-1.489383E+001
11983000;-8.430469E+000;-8.711485E+000
11995000;-4.215234E+000;-5.620313E+000
12007000;-1.124063E+000;-5.339297E+000
12018000;1.545586E+000;-1.967109E+000
12030000;3.512695E+000;1.405078E+000
12042000;4.496250E+000;5.339297E+000
12054000;3.793711E+000;5.760820E+000
12064000;3.653203E+000;8.851993E+000
12076000;6.463359E+000;9.554531E+000
12086000;1.081910E+001;7.025391E+000
12097000;1.882805E+001;8.570977E+000
12110000;1.784449E+001;5.760820E+000
12122000;1.348875E+001;5.339297E+000
12133000;1.334824E+001;5.198789E+000
12145000;1.264570E+001;7.727930E+000
12157000;1.433180E+001;7.306406E+000
12168000;1.222418E+001;3.653203E+000
12179000;1.152164E+001;3.793711E+000
12190000;1.011656E+001;6.182344E+000
12201000;1.180266E+001;5.620313E+000
12212000;1.208367E+001;5.620313E+000
12223000;1.236469E+001;5.339297E+000
12234000;1.025707E+001;4.777266E+000
12245000;8.570977E+000;3.934219E+000
12256000;9.835547E+000;5.479805E+000
12267000;1.067859E+001;5.620313E+000
12280000;9.976055E+000;5.901328E+000
12293000;1.053809E+001;6.182344E+000
12305000;1.222418E+001;7.025391E+000
12317000;1.180266E+001;4.917774E+000
12329000;1.250520E+001;5.479805E+000
12341000;1.222418E+001;5.760820E+000
12354000;1.292672E+001;5.760820E+000
12365000;1.278621E+001;6.603868E+000
12377000;1.208367E+001;6.182344E+000
12388000;1.222418E+001;6.182344E+000
12400000;1.194316E+001;5.901328E+000
12412000;1.278621E+001;5.620313E+000
12423000;1.278621E+001;5.479805E+000
12434000;1.306723E+001;5.198789E+000
12447000;1.306723E+001;5.058281E+000
12458000;1.222418E+001;4.777266E+000
12469000;1.250520E+001;4.496250E+000
12481000;1.138113E+001;4.355742E+000
12493000;1.194316E+001;5.479805E+000
12505000;1.110012E+001;5.479805E+000
12517000;1.180266E+001;5.479805E+000
12529000;1.152164E+001;4.777266E+000
12541000;1.208367E+001;4.777266E+000
12552000;1.208367E+001;2.107617E+000
12564000;1.222418E+001;2.248125E+000
12577000;1.194316E+001;2.950664E+000
12588000;1.194316E+001;4.355742E+000
12600000;1.250520E+001;4.355742E+000
12611000;1.250520E+001;5.901328E+000
12624000;1.391027E+001;4.496250E+000
12637000;1.292672E+001;3.934219E+000
12648000;1.334824E+001;4.074727E+000
12660000;1.222418E+001;3.793711E+000
12672000;1.278621E+001;4.777266E+000
12683000;1.194316E+001;3.372188E+000
12695000;1.320774E+001;4.355742E+000
12706000;1.292672E+001;3.793711E+000
12718000;1.152164E+001;2.669648E+000
12731000;1.053809E+001;6.463359E+000
12742000;1.011656E+001;4.636758E+000
12753000;1.320774E+001;5.479805E+000
12765000;1.657992E+001;6.322852E+000
12777000;1.278621E+001;5.058281E+000
12789000;1.222418E+001;2.248125E+000
12801000;1.236469E+001;3.231680E+000
12812000;1.278621E+001;3.512695E+000
12824000;1.166215E+001;2.248125E+000
12836000;1.222418E+001;4.074727E+000
12848000;1.222418E+001;3.231680E+000
12860000;1.292672E+001;4.355742E+000
12871000;1.334824E+001;5.901328E+000
12883000;1.405078E+001;3.793711E+000
12894000;1.419129E+001;4.917774E+000
12905000;1.559637E+001;3.793711E+000
12916000;1.489383E+001;-6.884883E+000
12928000;1.278621E+001;-2.051414E+001
12939000;9.133008E+000;-1.348875E+001
12951000;1.081910E+001;-1.545586E+000
12963000;6.463359E+000;-1.278621E+001
12974000;4.496250E+000;6.463359E+000
12985000;3.934219E+000;2.810156E-001
12996000;3.372188E+000;3.793711E+000
13008000;9.835547E-001;3.231680E+000
13019000;3.091172E+000;2.248125E+000
13031000;-7.727930E+000;-2.810156E-001
13042000;-7.025391E+000;-6.041836E+000
13053000;-7.587422E+000;-1.489383E+001
13064000;-7.446914E+000;-9.695040E+000
13076000;-6.041836E+000;-8.851993E+000
13087000;-1.531535E+001;-1.152164E+001
13098000;-1.714195E+001;-1.067859E+001
13111000;-2.402684E+001;-1.222418E+001
13124000;-2.149770E+001;-1.194316E+001
13135000;-2.304328E+001;-1.222418E+001
13147000;-1.826602E+001;-1.166215E+001
13159000;-1.475332E+001;-1.138113E+001
13170000;-1.643941E+001;-1.180266E+001
13182000;-1.489383E+001;-1.025707E+001
13194000;-1.306723E+001;-1.208367E+001
13205000;-1.053809E+001;-1.320774E+001
13216000;-9.695040E+000;-1.587738E+001
13227000;-9.414023E+000;-1.601789E+001
13238000;-6.884883E+000;-1.686094E+001
13250000;-7.587422E+000;-1.714195E+001
13262000;-7.025391E+000;-1.770399E+001
13273000;-5.198789E+000;-1.798500E+001
13285000;-3.512695E+000;-1.615840E+001
13296000;-6.322852E+000;-1.657992E+001
13309000;-3.653203E+000;-1.657992E+001
13321000;-4.777266E+000;-1.686094E+001
13332000;-4.074727E+000;-1.686094E+001
13344000;-4.496250E+000;-1.714195E+001
13355000;-5.198789E+000;-1.672043E+001
13366000;-3.934219E+000;-1.672043E+001
13377000;-4.777266E+000;-1.714195E+001
13388000;-5.760820E+000;-1.728246E+001
13400000;-5.760820E+000;-1.770399E+001
13411000;-6.603868E+000;-1.756348E+001
13424000;-6.744375E+000;-1.742297E+001
13437000;-6.744375E+000;-1.742297E+001
13448000;-6.884883E+000;-1.728246E+001
13459000;-7.165899E+000;-1.939008E+001
13470000;-7.165899E+000;-1.910906E+001
13482000;-7.306406E+000;-1.896856E+001
13493000;-7.446914E+000;-1.910906E+001
13504000;-7.727930E+000;-1.728246E+001
13516000;-8.008945E+000;-1.700145E+001
13528000;-8.149453E+000;-1.615840E+001
13540000;-8.149453E+000;-1.559637E+001
13551000;-8.149453E+000;-1.629891E+001
13562000;-8.570977E+000;-1.657992E+001
13574000;-9.133008E+000;-1.643941E+001
13585000;-9.133008E+000;-1.700145E+001
13596000;-9.695040E+000;-1.686094E+001
13607000;-1.011656E+001;-1.728246E+001
13620000;-1.011656E+001;-1.728246E+001
13632000;-1.039758E+001;-1.784449E+001
13644000;-1.095961E+001;-1.756348E+001
13656000;-1.152164E+001;-1.770399E+001
13667000;-1.278621E+001;-1.756348E+001
13679000;-1.475332E+001;-1.784449E+001
13691000;-1.517484E+001;-2.023313E+001
13703000;-1.714195E+001;-2.079516E+001
13714000;-1.700145E+001;-2.248125E+001
13726000;-1.939008E+001;-2.191922E+001
13738000;-1.981160E+001;-2.248125E+001
13749000;-2.234074E+001;-2.191922E+001
13760000;-2.248125E+001;-2.023313E+001
13772000;-2.135719E+001;-2.051414E+001
13783000;-1.910906E+001;-2.079516E+001
13794000;-2.191922E+001;-2.093567E+001
13806000;-2.248125E+001;-2.177871E+001
13818000;-2.220024E+001;-2.163820E+001
13830000;-2.248125E+001;-2.205973E+001
13841000;-2.290277E+001;-2.220024E+001
13854000;-2.304328E+001;-2.234074E+001
13866000;-2.332430E+001;-2.290277E+001
13877000;-2.374582E+001;-2.318379E+001
13888000;-2.374582E+001;-2.332430E+001
13899000;-2.332430E+001;-2.318379E+001
13910000;-2.360531E+001;-2.290277E+001
13921000;-2.332430E+001;-2.248125E+001
13933000;-2.388633E+001;-2.416735E+001
13944000;-2.374582E+001;-2.444836E+001
13956000;-2.402684E+001;-2.472938E+001
13967000;-2.388633E+001;-2.472938E+001
13979000;-2.388633E+001;-2.458887E+001
13990000;-2.388633E+001;-2.304328E+001
14001000;-2.402684E+001;-2.248125E+001
14013000;-2.402684E+001;-2.220024E+001
14024000;-2.402684E+001;-2.234074E+001
14035000;-2.402684E+001;-2.234074E+001
14046000;-2.402684E+001;-2.262176E+001
14058000;-2.388633E+001;-2.262176E+001
14069000;-2.388633E+001;-2.248125E+001
14080000;-2.388633E+001;-2.262176E+001
14091000;-2.388633E+001;-2.290277E+001
14104000;-2.388633E+001;-2.262176E+001
14115000;-2.402684E+001;-2.346481E+001
14127000;-2.374582E+001;-2.276227E+001
14140000;-2.388633E+001;-2.262176E+001
14151000;-2.332430E+001;-2.262176E+001
14163000;-2.360531E+001;-2.262176E+001
14174000;-2.360531E+001;-2.458887E+001
14185000;-2.374582E+001;-2.458887E+001
14196000;-2.416735E+001;-2.458887E+001
14208000;-2.430785E+001;-2.458887E+001
14220000;-2.529141E+001;-2.416735E+001
14231000;-2.472938E+001;-2.205973E+001
14243000;-2.501039E+001;-2.234074E+001
14255000;-2.599395E+001;-2.234074E+001
14266000;-2.191922E+001;-2.234074E+001
14278000;-2.163820E+001;-2.205973E+001
14291000;-2.191922E+001;-2.346481E+001
14303000;-2.402684E+001;-2.262176E+001
14314000;-2.402684E+001;-2.262176E+001
14326000;-2.388633E+001;-2.262176E+001
14338000;-2.402684E+001;-2.248125E+001
14350000;-2.416735E+001;-2.304328E+001
14362000;-2.416735E+001;-2.290277E+001
14374000;-2.402684E+001;-2.262176E+001
14385000;-2.388633E+001;-2.262176E+001
14396000;-2.416735E+001;-2.262176E+001
14408000;-2.388633E+001;-2.262176E+001
14419000;-2.360531E+001;-2.458887E+001
14430000;-2.388633E+001;-2.458887E+001
14441000;-2.388633E+001;-2.458887E+001
14453000;-2.388633E+001;-2.430785E+001
14465000;-2.458887E+001;-2.430785E+001
14477000;-2.388633E+001;-2.205973E+001
14488000;-2.402684E+001;-2.234074E+001
14499000;-2.388633E+001;-2.262176E+001
14510000;-2.388633E+001;-2.234074E+001
14521000;-2.402684E+001;-2.191922E+001
14532000;-2.402684E+001;-2.290277E+001
14544000;-2.388633E+001;-2.262176E+001
14556000;-2.388633E+001;-2.234074E+001
14568000;-2.388633E+001;-2.234074E+001
14580000;-2.388633E+001;-2.234074E+001
14591000;-2.374582E+001;-2.262176E+001
14603000;-2.388633E+001;-2.262176E+001
14615000;-2.416735E+001;-2.248125E+001
14626000;-2.402684E+001;-2.262176E+001
14637000;-2.402684E+001;-2.262176E+001
14649000;-2.388633E+001;-2.262176E+001
14661000;-2.388633E+001;-2.444836E+001
14673000;-2.388633E+001;-2.444836E+001
14684000;-2.388633E+001;-2.444836E+001
14696000;-2.346481E+001;-2.444836E+001
14707000;-2.388633E+001;-2.444836E+001
14719000;-2.388633E+001;-2.205973E+001
14731000;-2.515090E+001;-2.234074E+001
14742000;-2.501039E+001;-2.205973E+001
14754000;-2.472938E+001;-2.220024E+001
14765000;-2.571293E+001;-2.220024E+001
14776000;-2.416735E+001;-2.234074E+001
14787000;-2.388633E+001;-2.262176E+001
14799000;-2.388633E+001;-2.262176E+001
14811000;-2.388633E+001;-2.276227E+001
14822000;-2.388633E+001;-2.262176E+001
14833000;-2.388633E+001;-2.248125E+001
14845000;-2.388633E+001;-2.290277E+001
14857000;-2.388633E+001;-2.262176E+001
14869000;-2.388633E+001;-2.262176E+001
14879000;-2.388633E+001;-2.248125E+001
14890000;-2.402684E+001;-2.444836E+001
14901000;-2.388633E+001;-2.458887E+001
14913000;-2.416735E+001;-2.444836E+001
14924000;-2.402684E+001;-2.444836E+001
14936000;-2.458887E+001;-2.444836E+001
14948000;-2.416735E+001;-2.444836E+001
14959000;-2.416735E+001;-2.220024E+001
14970000;-2.430785E+001;-2.248125E+001
14981000;-2.416735E+001;-2.234074E+001
14994000;-2.402684E+001;-2.220024E+001
15006000;-2.416735E+001;-2.220024E+001
15017000;-2.444836E+001;-2.234074E+001
15028000;-2.416735E+001;-2.262176E+001
15040000;-2.416735E+001;-2.262176E+001
15051000;-2.416735E+001;-2.262176E+001
15062000;-2.402684E+001;-2.262176E+001
15073000;-2.402684E+001;-2.290277E+001
15085000;-2.388633E+001;-2.290277E+001
15096000;-2.430785E+001;-2.262176E+001
15108000;-2.416735E+001;-2.262176E+001
15119000;-2.444836E+001;-2.262176E+001
15131000;-2.388633E+001;-2.262176E+001
15143000;-2.360531E+001;-2.458887E+001
15155000;-2.374582E+001;-2.458887E+001
15166000;-2.360531E+001;-2.458887E+001
15177000;-2.332430E+001;-2.458887E+001
15188000;-2.346481E+001;-2.458887E+001
15200000;-2.388633E+001;-2.205973E+001
15212000;-2.430785E+001;-2.234074E+001
15224000;-2.515090E+001;-2.234074E+001
15235000;-2.486988E+001;-2.234074E+001
15246000;-2.472938E+001;-2.234074E+001
15257000;-2.501039E+001;-2.262176E+001
15269000;-2.093567E+001;-2.248125E+001
15280000;-2.093567E+001;-2.234074E+001
15291000;-2.374582E+001;-2.262176E+001
15303000;-2.416735E+001;-2.262176E+001
15314000;-2.416735E+001;-2.276227E+001
15326000;-2.402684E+001;-2.290277E+001
15338000;-2.416735E+001;-2.262176E+001
15349000;-2.416735E+001;-2.290277E+001
15360000;-2.402684E+001;-2.262176E+001
15372000;-2.402684E+001;-2.262176E+001
15383000;-2.388633E+001;-2.458887E+001
15395000;-2.444836E+001;-2.458887E+001
15406000;-2.374582E+001;-2.458887E+001
15418000;-2.360531E+001;-2.458887E+001
15430000;-2.374582E+001;-2.458887E+001
15442000;-2.388633E+001;-2.220024E+001
15453000;-2.416735E+001;-2.234074E+001
15465000;-2.402684E+001;-2.234074E+001
15476000;-2.388633E+001;-2.205973E+001
15488000;-2.388633E+001;-2.318379E+001
15499000;-2.402684E+001;-2.234074E+001
15510000;-2.388633E+001;-2.262176E+001
15521000;-2.388633E+001;-2.234074E+001
15533000;-2.402684E+001;-2.262176E+001
15545000;-2.402684E+001;-2.234074E+001
15557000;-2.388633E+001;-2.318379E+001
15568000;-2.360531E+001;-2.262176E+001
15579000;-2.402684E+001;-2.262176E+001
15590000;-2.346481E+001;-2.262176E+001
15602000;-2.388633E+001;-2.262176E+001
15614000;-2.346481E+001;-2.472938E+001
